USDA_Species_Code,Sample_ID,obs,time,elapsed,date,hhmmss,averaging,Lamp_PAR_Ctrl,Lamp_T_Ctrl,Lamp_Qamb_in_Factor,Lamp_T_trinket_V_Ctrl,Lamp_T_DAC2_V_Ctrl,Lamp_T_TH-r,Lamp_T,Lamp_PAR_DAC1_Ctrl,TIME,E,Emm,A,Ca,Ci,Pci,Pca,gsw,gbw,gtw,gtc,Rabs,TleafEB,TleafCnd,SVPleaf,RHcham,VPcham,SVPcham,VPDleaf,LatHFlux,SenHFlux,NetTherm,EBSum,Leak,LeakPct,CorrFact,CorrFactPct,Fan,Qin,Qabs,alpha,convert,S,K,Geometry,Custom,TIME,CO2_s,CO2_r,H2O_s,H2O_r,CO2_a,H2O_a,Flow,Pa,?Pcham,Tair,Tleaf,Tleaf2,Offset,Offset2,Fan_speed,Qamb_in,Qamb_out,?CO2,CO2_s_d,CO2_r_d,?H2O,CO2_b,H2O_b,e_s,e_r,Td_s,Td_r,time,hhmmss,co2_t,h2o_t,count,co2_adj,h2o_adj,co2_match,h2o_match,co2_at,h2o_at,co2_cv,h2o_cv,CO2_r:MN,CO2_r:SLP,CO2_r:SD,CO2_r:OK,CO2_s:MN,CO2_s:SLP,CO2_s:SD,CO2_s:OK,H2O_s:MN,H2O_s:SLP,H2O_s:SD,H2O_s:OK,Stable,Total,State,Vflow,VPchamber,abs_c_a,abs_c_b,abs_h_a,abs_h_b,Wc_s,Wc_r,Wco_s,Wco_r,Ww_s,Ww_r,Wwo_s,Wwo_r,Flow_s_v,Flow_r_v,Tleaf_mv,Tleaf2_mv,Tleaf_j,Tleaf2_j,Console_RH,Console_T,Console_H2O,Fan_%,Flow_%,Pump,Tchp_pwm,Txchg_pwm,diag_20v,diag_5_4v,diag_12v,diag_5va,diag_3_3vf,AccCO2_soda,CO2_hrs,AccH2O_des,AccH2O_hum,ADC_CH1,ADC_CH2,ADC_CH3,ADC_CH4,ADC_CH5,ADC_CH6,ADC_CH7,ADC_CH8,DAC_1,DAC_2,DAC_3,DAC_4,GPIO,GPIO_dir,excit_5v,power_12v,power_5v,ch1_pullup,AuxPower,MatchValveR,MatchValveS,MatchCO2,MatchH2O,cf_co2_a,cf_co2_b,cf_co2_c,cf_co2_d,cf_h2o_a,cf_h2o_b,cf_h2o_c,cf_h2o_d,co2_fit_low,co2_fit_high,h2o_fit_low,h2o_fit_high,co2_elapsed,h2o_elapsed,CO2_f,CO2_f_s,Pump_f,Pump_f_s,Pump_p,Pump_p_s,Tboard,V_system,DIAG,Flow_s,Flow_r,Txchg,Tirga,Tchopper,Ts,Tr,CO2_%,Desiccant_%,Humidifier_%,Txchg_sp,CO2_r_sp,H2O_r_sp,SS_s,SS_r
-,-,,s,s,,,s,umol m^-2 s^-1 ,°C,,V,V,kohms,°C,V,s,mol m?² s?¹,mmol m?² s?¹,µmol m?² s?¹,µmol mol?¹,µmol mol?¹,Pa,Pa,mol m?² s?¹,mol m?² s?¹,mol m?² s?¹,mol m?² s?¹,W m?²,°C,°C,kPa,%,kPa,kPa,kPa,W m?²,W m?²,W m?²,W m?²,µmol s?¹,%,,%,µmol s?¹,µmol m?² s?¹,µmol m?² s?¹,,J/µmol,cm²,,,mol m?² s?¹,s,µmol mol?¹,µmol mol?¹,mmol mol?¹,mmol mol?¹,µmol mol?¹,mmol mol?¹,µmol s?¹,kPa,kPa,°C,°C,°C,°C,°C,rpm,µmol m?² s?¹,µmol m?² s?¹,µmol mol?¹,µmol mol?¹,µmol mol?¹,mmol mol?¹,µmol mol?¹,mmol mol?¹,kPa,kPa,°C,°C,secs,,s,s,,µmol/mol,mmol/mol,µmol/mol,mmol/mol,µmol/mol,mmol/mol,%,%,µmol mol?¹,µmol mol?¹ min?¹,µmol mol?¹,,µmol mol?¹,µmol mol?¹ min?¹,µmol mol?¹,,mmol mol?¹,mmol mol?¹ min?¹,mmol mol?¹,,,,,V,V,,,,,,,,,,,,,V,V,mV,mV,°C,°C,%,°C,mmol mol?¹,%,%,,V,V,V,V,V,V,V,mg,hrs,mg,mg,V,V,V,V,V,V,V,V,V,V,V,V,,,,,,,V,%,%,µmol/mol,mmol/mol,µmol/mol,,,,mmol/mol,,,,µmol mol?¹,µmol mol?¹,mmol mol?¹,mmol mol?¹,min,min,V,V,V,V,V,V,°C,V,,µmol s?¹,µmol s?¹,°C,°C,°C,°C,°C,%,%,%,°C,µmol mol?¹,mmol mol?¹,%,%
PHVU,Bean1,1,1711139814,0,20240322 14:36:54,14:36:54,none,0,30,1.053759919,1.2375,0,11.39255724,0,1.29E-15,1711139814,0.003958952,3.958951528,-1.613576991,400.09,400.2670327,32.87922316,32.86468113,0.278661499,2.506067093,0.262520691,0.165447657,-0.030056715,24.53932705,24.53932705,3.093388986,56.98042611,1.892218372,3.32082173,1.201170613,-174.5897624,160.9359103,13.60228033,-0.081628501,10,4,1,0,39382.31518,-0.154137,-0.02466192,0.16,0.195,9,0.5,0: Broadleaf,2,1711139814,400.09,399.993,23.0356,10.378,396.633,22.9076,275.011,82.0933,0.0499206,25.7305,25.0162,998.15,0,-1.75,9007.5,-0.154137,3.98461,-0.0492554,409.362,404.187,12.6311,399.993,10.378,1.8889,0.851965,16.5425,4.60393,1711139855,14:37:35,1711139828,1711135652,69,0.147,0.01,3.457,0.128,400,24,0.46,0.02,400.0048167,0.057174215,0.109385174,1,399.9815,-0.020112253,0.044482394,1,23.082865,-0.09109347,0.027122874,1,3,3,03-mar,2.26976,2.68029,0.0756846,0.0758764,0.0914765,0.0501409,26883.7,24573,28473.2,25458.3,34919.7,33142.8,41749.9,37501.8,1.4789,1.54368,0.042282,0,24.3221,999.9,52.79,28.52,25.1515,47.8897,26.3341,0.5,0.259284,-0.610289,20.3199,5.25862,11.9403,4.9953,3.299,9999,999.9,9999,9999,2.55533,1.87424,1.87332,1.87787,1.87621,1.87756,1.87173,1.87821,0,1.1658,0,0,11111010,oooooooo,off,off,on,off,0,100,100,3.457,0.128,3.026929278,0.000723023,-1.21E-08,-2.83E-11,-0.050759539,-0.013223211,0.001240205,-1.63E-05,2,2096,1,33,86.5,69.4,0.76416,2.55859,0.947266,2.11182,0.996094,2.2937,31.9365,24.035,18,239.854,267.864,26.6588,30.375,30,30.8131,30.837,15.2525,65.8587,0,26.6571,400.018,10.4006,98.1552,98.0901
PHVU,Bean1,2,1711140489,675,20240322 14:48:09,14:48:09,none,40,30,1.004559471,1.2375,0,11.67794661,0,0.060586127,1711140489,0.001620657,1.620656602,0.948748533,400.03,376.0389014,30.89143173,32.86229001,0.107351363,2.509332048,0.104863703,0.06575852,7.8122655,24.95575551,24.95575551,3.171299845,59.65035529,1.941194193,3.254287729,1.230105652,-71.47095616,58.69183215,4.956036635,-0.010821873,12,4,1,0,39500.40591,40.0629,6.410064,0.16,0.195,9,0.5,0: Broadleaf,2,1711140489,400.03,405.256,23.63,18.4521,396.649,23.603,275.039,82.0997,0.0498638,25.3896,25.0068,998.15,0,-1.75,9023.75,40.0629,3.98461,-5.14938,409.826,412.874,5.26505,405.256,18.4521,1.94717,1.51491,17.0212,13.1195,1711140521,14:48:41,1711140508,1711140521,70,-0.079,0.002,3.381,0.027,405,18,0.97,0.03,405.3477833,0.061348708,0.096220596,1,400.0048833,-0.079743818,0.062652771,1,23.682455,0.096676021,0.028396158,1,3,3,03-mar,2.26987,2.68031,0.0757121,0.0767199,0.0934547,0.0769282,26889.3,24555.8,28479.8,25463.4,34851.3,32214.4,41759.8,37509.9,1.47385,1.5549,0.052873,0,24.1387,999.9,52.704,28.389,24.9186,48.2197,25.8293,0.5,0.252396,-0.426296,20.3211,5.25907,11.9435,4.99525,3.299,9999,999.9,9999,9999,2.5695,1.87424,1.87329,1.87784,1.87619,1.87756,1.87171,1.8782,0.061771,1.1658,0,0,11111010,oooooooo,off,off,on,off,0,100,100,3.381,0.027,3.173792545,0.000723023,-1.21E-08,-2.83E-11,-0.050759539,-0.013223211,0.001240205,-1.63E-05,2,2096,1,33,11,80.6,0.777588,2.56104,0.947266,2.10938,0.996094,2.23999,31.8049,24.035,18,237.806,272.485,26.1337,30.306,29.9999,30.7383,30.7649,15.5026,36.3929,0,26.1348,405.293,18.5393,98.1781,98.1107
PHVU,Bean1,3,1711141363,1549,20240322 15:02:43,15:02:43,none,80,30,1.03634567,1.2375,0,10.21745783,0,0.121356678,1711141363,0.00230108,2.301080277,3.10344811,399.952,358.583722,29.44430326,32.84116723,0.158400631,2.505424558,0.153039958,0.096116495,15.628587,24.76316469,24.76316469,3.13505687,59.71325235,1.93856758,3.246461218,1.196489291,-101.4776402,79.14371758,6.685608304,-0.019727317,11,4,1,0,39418.05795,80.1466,12.823456,0.16,0.195,9,0.5,0: Broadleaf,2,1711141363,399.952,413.123,23.6086,16.2543,396.526,23.6186,274.952,82.0629,0.0498716,25.3491,25.0047,998.15,0,-1.75,9007.5,80.1466,3.98461,-13.2188,409.626,419.949,7.48077,413.123,16.2543,1.94776,1.33387,17.026,11.186,1711141403,15:03:23,1711141394,1711141403,71,0.039,-0.004,3.426,-0.01,413,16,0.11,0.01,412.9865333,0.105155877,0.097884535,1,399.9676833,-0.036271742,0.05767047,1,23.74242167,-0.028324034,0.010837898,1,3,3,03-mar,2.26881,2.68024,0.0755773,0.0777219,0.0933634,0.0700751,26862.5,24498.2,28448.8,25432.9,34816.2,32416.6,41712.4,37467.7,1.4721,1.54527,0.0180565,0,24.7084,999.9,53.931,28.389,25.5086,48.8497,25.9856,0.5,0.301011,0.226767,20.3209,5.25877,11.943,4.99495,3.299,9999,999.9,9999,9999,2.49069,1.87423,1.87331,1.87784,1.87615,1.8775,1.87169,1.8782,0.120356,1.1658,0,0,11111010,oooooooo,off,off,on,off,0,100,100,3.426,-0.01,3.094599034,0.000723023,-1.21E-08,-2.83E-11,-0.048748169,-0.013223211,0.001240205,-1.63E-05,2,2096,1,33,14.2,14,0.787354,2.55859,0.947266,2.1106,0.996094,2.21191,32.1784,24.035,18,238.559,270.073,25.7599,30.8741,30.0005,31.1757,31.1865,15.7016,48.5908,0,25.7595,413.233,16.1499,98.0685,97.9974
PHVU,Bean1,4,1711142125,2311,20240322 15:15:25,15:15:25,none,120,30,1.045370096,1.2375,0,11.07987382,0,0.182313345,1711142125,0.00266468,2.664679584,4.923944931,400.019,346.2544735,28.43356329,32.84857359,0.182203383,2.503836566,0.175144879,0.110076944,23.38479,24.84535688,24.84535688,3.150479801,59.26129918,1.93985428,3.273391415,1.210625521,-117.5123697,86.76186059,7.341961994,-0.023757091,10,4,1,0,39364.21831,119.922,19.18752,0.16,0.195,9,0.5,0: Broadleaf,2,1711142125,400.019,419.617,23.6229,15.1104,396.554,23.6499,275.073,82.0675,0.0500334,25.4881,25.0004,998.15,0,-1.75,8998.75,119.922,3.98461,-19.6464,409.706,426.055,8.65248,419.617,15.1104,1.95016,1.24008,17.0454,10.0916,1711142162,15:16:02,1711142153,1711142162,72,0.034,-0.001,3.465,-0.027,420,15,0.2,0.01,419.67475,0.032650736,0.094873007,1,399.9937833,-0.030020006,0.028820185,1,23.76765,-0.038832787,0.014622978,1,3,3,03-mar,2.2691,2.68036,0.0755435,0.0785994,0.093408,0.0663932,26862,24472.5,28447.5,25430.7,34812.3,32542.9,41709.6,37465.3,1.47265,1.54175,0.0382289,0,24.3728,999.9,54.151,28.46,25.7211,48.3397,25.4167,0.5,0.306883,-0.212097,20.3208,5.25682,11.9412,4.99455,3.29855,9999,999.9,9999,9999,2.53916,1.87424,1.87332,1.87788,1.8762,1.87756,1.8717,1.8782,0.178891,1.1658,0,0,11111010,oooooooo,off,off,on,off,0,100,100,3.465,-0.027,3.133953556,0.000723023,-1.21E-08,-2.83E-11,-0.052775612,-0.013223211,0.001240205,-1.63E-05,2,2096,1,33,12.2,12,0.797119,2.54639,0.947266,2.1106,0.996094,2.27051,32.1564,24.035,18,239.454,269.527,26.0955,30.9697,30,31.3965,31.4201,15.8823,52.4291,0,26.0962,419.7,15.1381,98.0628,97.9902
PHVU,Bean1,5,1711142764,2950,20240322 15:26:04,15:26:04,none,260,30,1.054385669,1.2375,0,11.04325022,0,0.397152438,1711142764,0.003154335,3.154335179,10.46692339,399.93,311.904197,25.60684226,32.83362175,0.219396186,2.508009885,0.209264215,0.131661454,50.692395,24.88740019,24.88740019,3.158394609,59.8527579,1.959459448,3.273799766,1.198935161,-139.1061814,81.50566455,6.887223594,-0.020898228,9,2,1,0,39457.13569,259.961,41.59376,0.16,0.195,9,0.5,0: Broadleaf,2,1711142764,399.93,418.288,23.8672,19.0477,396.521,23.8322,574.986,82.0486,0.0498216,25.4902,24.9985,998.15,0,-1.75,9022.5,259.961,3.98461,-18.3163,409.785,426.411,4.89937,418.288,19.0477,1.96483,1.56284,17.1637,13.5972,1711142791,15:26:31,1711142784,1711142791,73,-0.055,0.004,3.409,0.035,418,19,0.12,0.03,418.1928525,0.06269064,0.04301347,1,399.9790164,0.022775251,0.031309922,1,23.9296,0.05242147,0.015573264,1,3,3,03-mar,3.11529,2.68418,0.0755796,0.078484,0.093959,0.0785918,26873.6,24490.3,28460.1,25445.2,34807.5,32134.8,41729.8,37485.3,2.1386,2.14508,0.0329837,0,24.4571,999.9,57.881,28.45,27.4805,47.9797,14.6915,2,0.284121,-0.241841,20.3213,5.25862,11.9415,4.99505,3.299,9999,999.9,9999,9999,2.53722,1.87429,1.87336,1.8779,1.87622,1.87759,1.8718,1.87825,0.386521,1.1658,0,0,11111010,oooooooo,off,off,on,off,0,100,100,3.409,0.035,3.167814578,0.000723023,-1.21E-08,-2.83E-11,-0.054157548,-0.013223211,0.001240205,-1.63E-05,2,2096,1,33,10.2,10,1.37817,2.53174,2.04834,2.73682,2.24365,2.32788,32.3991,24.035,18,582.437,653.538,26.0188,30.6931,29.9999,31.1011,31.1109,27.5289,37.502,0,26.0186,418.108,18.9731,98.1087,98.0439
PHVU,Bean1,6,1711143153,3339.1,20240322 15:32:33,15:32:33,none,400,30,1.052036448,1.2375,0,10.95956989,0,0.614369264,1711143153,0.003509547,3.509546802,13.98299984,399.943,296.4834081,24.33860182,32.83169702,0.246113804,2.500994943,0.233406874,0.146966271,78.049725,24.9851747,24.9851747,3.176868251,60.45062439,1.981314104,3.277574257,1.195554147,-154.771014,70.71017178,5.995295116,-0.015822061,9,2,1,0,39297.64168,400.255,64.0408,0.16,0.195,9,0.5,0: Broadleaf,2,1711143153,399.943,424.029,24.1356,18.7744,396.617,24.1056,574.938,82.0412,0.0497405,25.5096,25.0054,998.15,0,-1.75,8986.88,400.255,3.98461,-24.0168,409.945,432.143,5.45495,424.029,18.7744,1.98781,1.54028,17.3475,13.3739,1711143182,15:33:02,1711143179,1711143182,74,-0.087,0,3.326,0.03,424,19,0.19,0.02,423.9845574,0.122335272,0.051648727,1,399.9774754,-0.019526177,0.039769255,1,24.24867049,-0.022613115,0.010954232,1,3,3,03-mar,3.11537,2.68393,0.0756172,0.0793209,0.0947418,0.0778019,26878.8,24474,28466.4,25451,34785.1,32169.3,41739.5,37493.1,2.1412,2.14705,0.0355355,0,24.4221,999.9,57.392,28.419,27.2016,48.2497,14.8918,2,0.273537,-0.0897358,20.3208,5.25608,11.9439,4.99415,3.29833,9999,999.9,9999,9999,2.53275,1.87424,1.87332,1.8779,1.87622,1.87759,1.8718,1.87821,0.59955,1.1658,0,0,11111010,oooooooo,off,off,on,off,0,100,100,3.326,0.03,3.113059823,0.000723023,-1.21E-08,-2.83E-11,-0.050312606,-0.013223211,0.001240205,-1.63E-05,2,2096,1,33,6.2,6,1.39404,2.53174,2.04834,2.73682,2.24365,2.33765,32.4875,24.035,18,582.885,653.553,25.8512,30.5628,29.9999,30.9539,30.9615,27.8354,38.0027,0,25.8497,423.953,18.7269,98.131,98.0651
PHVU,Bean1,7,1711143504,3690.1,20240322 15:38:24,15:38:24,none,700,30,1.045796457,1.2375,0,11.09484113,0,1.088222221,1711143504,0.003865726,3.865725633,16.35975713,399.969,289.5314095,23.76597422,32.83116315,0.269433466,2.496386633,0.254257759,0.160203304,136.54641,25.25095918,25.25095918,3.227563953,61.7103497,2.019445404,3.272458208,1.208118549,-170.4785004,31.26963534,2.659347987,-0.003107089,5,1,1,0,39197.97614,700.238,112.03808,0.16,0.195,9,0.5,0: Broadleaf,2,1711143504,399.969,420.764,24.6021,20.2231,396.674,24.5531,774.962,82.034,0.0502694,25.4833,24.9882,998.15,0,-1.75,8963.75,700.238,3.98461,-20.781,410.107,429.449,4.46203,420.764,20.2231,2.02502,1.65898,17.6413,14.5178,1711143528,15:38:48,1711143528,1711143526,75,-0.028,-0.005,3.295,0.049,421,20,0.22,0.03,420.6562,0.197234787,0.06855747,1,399.9594667,0.033699361,0.03335939,1,24.70353833,-0.048946096,0.015850259,1,3,3,03-mar,3.51421,2.68696,0.0756464,0.0788885,0.0959956,0.0820674,26882.3,24490.9,28470.7,25456.3,34742.2,32026.9,41746.4,37500.6,2.44053,1.76712,0.0460409,0,24.2323,999.9,56.519,28.419,26.7912,48.1597,29.395,2,0.26471,-0.129183,20.3213,5.25847,11.9408,4.9939,3.299,9999,999.9,9999,9999,2.53995,1.87431,1.87335,1.8779,1.87623,1.87761,1.8718,1.87826,1.06867,1.1658,0,0,11111010,oooooooo,off,off,on,off,0,100,100,3.295,0.049,3.025782603,0.000723023,-1.21E-08,-2.83E-11,-0.050185551,-0.013223211,0.001240205,-1.63E-05,2,2096,1,33,5.4,5.4,1.38672,2.53174,2.04834,2.7356,2.24365,2.2937,32.4875,24.0262,18,824.816,380.069,25.6184,30.4489,30,30.8291,30.8263,27.6993,31.5155,0,25.6237,420.684,20.2323,98.1466,98.0851
PHVU,Bean1,8,1711143830,4016.1,20240322 15:43:50,15:43:50,none,1000,30,1.039540007,1.2375,0,10.57579423,0,1.574240758,1711143830,0.004188765,4.188765276,17.28364057,400.09,291.7188003,23.94794682,32.84441741,0.291912087,2.49233042,0.274160982,0.172855454,195.13845,25.53971415,25.53971415,3.28344084,63.31426392,2.070087359,3.269543435,1.213353481,-184.7245487,-9.595670996,-0.818524043,-0.000293712,5,1,1,0,39109.25235,1000.71,160.1136,0.16,0.195,9,0.5,0: Broadleaf,2,1711143830,400.09,422.107,25.2165,20.4749,396.676,25.1615,775.018,82.0416,0.0509727,25.4683,25.0054,998.15,0,-1.75,8941.88,1000.71,3.98461,-22.1506,410.338,430.93,4.82507,422.107,20.4749,2.07565,1.6798,18.0336,14.711,1711143858,15:44:18,1711143854,1711143858,76,0.118,0.003,3.414,0.055,422,20,0.11,0.03,422.0235833,0.071888302,0.032772596,1,399.9839,0.019202001,0.034451754,1,25.30066667,-0.030198055,0.012641145,1,3,3,03-mar,3.51447,2.68756,0.0756843,0.0791158,0.0976992,0.0828275,26888.2,24494.3,28477.7,25465.6,34685.7,32011.4,41757.9,37513.3,2.44292,1.77038,0.0515878,0,24.1584,999.9,55.707,28.389,26.3586,48.7597,29.2428,2,0.253067,0.160667,20.3212,5.25862,11.94,4.99365,3.299,9999,999.9,9999,9999,2.51156,1.87434,1.87336,1.8779,1.87624,1.87759,1.8718,1.87828,1.55843,1.1658,0,0,11111010,oooooooo,off,off,on,off,0,100,100,3.414,0.055,2.997262568,0.000723023,-1.21E-08,-2.83E-11,-0.054799118,-0.013223211,0.001240205,-1.63E-05,2,2096,1,33,5,5.1,1.3916,2.52563,2.04834,2.7356,2.24365,2.32666,32.4654,24.035,18,825.133,381.035,25.2532,30.3119,29.9999,30.6904,30.688,27.7905,29.7174,0,25.247,422.019,20.3956,98.1725,98.1195
PHVU,Bean1,9,1711144160,4346.1,20240322 15:49:20,15:49:20,none,1500,30,1.032284117,1.2375,0,10.11667983,0,2.414053153,1711144160,0.00445616,4.456159705,18.05633425,399.962,292.9552311,24.04984064,32.83444479,0.310242022,2.507184411,0.290383629,0.183167938,292.5858,26.01605903,26.01605903,3.377466212,66.49269129,2.160161706,3.248720519,1.217304507,-196.516643,-88.56961129,-7.524287619,-0.02474191,4,1,1,0,39455.7434,1500.44,240.0704,0.16,0.195,9,0.5,0: Broadleaf,2,1711144160,399.962,422.998,26.3133,21.2751,396.635,26.2443,775.081,82.0437,0.0502109,25.3608,24.9904,998.15,0,-1.75,9018.75,1500.44,3.98461,-22.9645,410.883,432.193,5.13017,422.998,21.2751,2.16639,1.74549,18.7159,15.307,1711144191,15:49:51,1711144191,1711144190,77,-0.088,0,3.327,0.069,423,21,0.09,0.02,422.9891148,0.092081438,0.047669662,1,399.9809016,0.022826018,0.03498323,1,26.40526557,0.032189952,0.011188502,1,3,3,03-mar,3.51466,2.68717,0.0757057,0.0792691,0.100645,0.0851321,26890.7,24490.9,28480.8,25466.2,34575.8,31931.4,41763,37513.8,2.44465,1.77297,0.0559837,0,24.0712,999.9,55.201,28.409,26.1477,47.9797,29.1426,2,0.2483,0.585381,20.3195,5.25862,11.9397,4.99415,3.299,9999,999.9,9999,9999,2.48462,1.87434,1.87337,1.87794,1.87624,1.87759,1.8718,1.87834,2.41322,1.1658,0,0,11111010,oooooooo,off,off,on,off,0,100,100,3.327,0.069,3.115706441,0.000723023,-1.21E-08,-2.83E-11,-0.052107919,-0.013223211,0.001240205,-1.63E-05,2,2096,1,33,5.1,5,1.39526,2.52686,2.04834,2.7356,2.24365,2.31079,32.4654,24.035,18,825.449,381.922,24.5419,30.2464,30.0001,30.5974,30.5953,27.8651,25.5495,1.13194,24.5519,423.042,21.1928,98.184,98.1211
PHVU,Bean1,10,1711144493,4679.1,20240322 15:54:53,15:54:53,none,2000,30,1.027989565,1.2375,0,9.578668456,0,3.295972225,1711144493,0.004665812,4.665812468,18.75190662,400,294.0125252,24.13418278,32.834224,0.326426888,2.514108103,0.304576931,0.192201699,390.3003,26.52287386,26.52287386,3.480079948,70.15897322,2.266628568,3.230703735,1.213451379,-205.7623298,-170.1812298,-14.44764836,-0.090907998,4,1,1,0,39622.98237,2001.54,320.2464,0.16,0.195,9,0.5,0: Broadleaf,2,1711144493,400,423.944,27.613,22.3442,396.636,27.521,774.992,82.0357,0.04986,25.2673,24.9942,998.15,0,-1.75,9055.62,2001.54,3.98461,-23.9976,411.343,433.633,5.36088,423.944,22.3442,2.27281,1.83303,19.485,16.0713,1711144526,15:55:26,1711144523,1711144526,78,0.037,0.003,3.364,0.092,424,22,0.06,0.02,423.9080164,0.090082496,0.06064692,1,399.9840492,-0.024469593,0.040747292,1,27.70939672,-0.04094183,0.016111791,1,3,3,03-mar,3.51454,2.687,0.0757177,0.0794145,0.104031,0.0881335,26890.3,24488.5,28480.7,25467.6,34444.5,31828.2,41762.7,37515.7,2.44517,1.7751,0.0644103,0,23.9365,999.9,55.36,28.379,26.1806,47.3197,29.0986,2,0.246977,1.04183,20.317,5.25847,11.9415,4.9941,3.299,9999,999.9,9999,9999,2.45061,1.87425,1.87333,1.8779,1.87622,1.87759,1.8718,1.87827,3.31983,1.1658,0,0,11111010,oooooooo,off,off,on,off,0,100,100,3.364,0.092,3.02731221,0.000723023,-1.21E-08,-2.83E-11,-0.052179616,-0.013223211,0.001240205,-1.63E-05,2,2096,1,33,5,5,1.39648,2.52686,2.04712,2.73315,2.24365,2.32056,32.4654,24.0262,18,825.241,382.814,23.7946,30.215,29.9999,30.5471,30.5451,27.9038,20.9007,11.1162,23.7991,424.004,22.2784,98.1835,98.1263
PHVU,Bean2,1,1711042272,0,20240321 11:31:12,11:31:12,none,0,30,1.04590446,1.2375,0,10.83540453,0,1.29E-15,1711042272,0.001149815,1.149815463,-1.694984018,399.752,426.0345967,35.14258056,32.97459167,0.07534639,2.502942178,0.074108636,0.046427411,-0.034060065,25.10169445,25.10169445,3.199006901,59.99413236,1.959204742,3.265660599,1.239802159,-50.70686193,46.77047418,3.963536497,-0.006911318,17,6,1,0,39352.01722,-0.174667,-0.02794672,0.16,0.195,9,0.5,0: Broadleaf,2,1711042272,399.752,395.71,23.7515,20.0787,396.687,23.7055,275.064,82.4374,0.0502215,25.4483,25.0021,998.15,0,-1.75,8953.75,-0.174667,3.91242,4.25089,409.704,403.818,3.70204,395.71,20.0787,1.96042,1.65524,17.1282,14.4829,1711042301,11:31:41,1711042299,1711042301,13,-0.206,0.034,3.065,0.046,396,20,1.1,0.05,395.6461967,-0.019640402,0.086126255,1,400.0094754,-0.038890534,0.028497113,1,23.75069508,0.047753464,0.014084038,1,3,3,03-mar,2.26842,2.68034,0.0758051,0.0754275,0.0938644,0.0818314,26836.2,24540.6,28429.5,25415.4,34772.4,31986.5,41682,37445,1.45053,1.5374,0.0347644,0,24.4314,999.9,52.405,29.729,26.6626,48.99,24.5393,0.5,0.343895,0.263047,20.3202,5.25907,11.9399,4.9954,3.299,9999,999.9,9999,9999,2.52602,1.8743,1.87336,1.87791,1.87622,1.87759,1.87179,1.87822,0,1.1658,0,0,11111010,oooooooo,off,off,on,off,0,100,100,3.065,0.046,2.990775227,0.000723023,-1.21E-08,-2.83E-11,-0.091483222,-0.013223211,0.001240205,-1.63E-05,2,2096,1,33,666.8,666.7,0.765381,2.54639,0.947266,2.1106,0.994873,2.29126,33.3111,24.035,18,232.95,269.591,25.7768,31.4331,29.9999,31.8574,31.8843,15.272,58.2639,0,25.776,395.706,20.226,97.999,97.9347
PHVU,Bean2,2,1711042911,639,20240321 11:41:51,11:41:51,none,40,30,1.003689292,1.2375,0,10.87943493,0,0.060586127,1711042911,0.00091621,0.916210407,0.854155447,399.954,368.6322479,30.40104147,32.98414127,0.062346146,2.508977379,0.061498085,0.038511537,7.796061,25.10972651,25.10972651,3.20053794,61.99830831,2.010705348,3.243161632,1.189832593,-40.40487894,30.0655985,2.540378596,-0.002840843,17,6,1,0,39502.44496,39.9798,6.396768,0.16,0.195,9,0.5,0: Broadleaf,2,1711042911,399.954,403.948,24.3811,21.4562,396.955,24.3151,275.047,82.4197,0.0501372,25.332,24.9977,998.15,0,-1.75,8986.88,39.9798,3.92686,-3.92487,410.043,412.805,2.97925,403.948,21.4562,2.01397,1.76842,17.5546,15.5104,1711042946,11:42:26,1711042932,1711042946,14,-0.071,-0.001,2.999,0.066,404,21,0.53,0.04,403.99495,0.182512365,0.088433483,1,399.9652667,0.012573493,0.038373978,1,24.443065,-0.025907363,0.008717909,1,3,3,03-mar,2.26865,2.68041,0.0758725,0.0766646,0.0955851,0.085803,26845.3,24518.3,28440.6,25425.6,34720.3,31860,41699.6,37458.7,1.4509,1.54237,0.0456646,0,24.248,999.9,51.612,29.628,26.1138,48.87,25,0.5,0.323981,-0.0269172,20.3209,5.25907,11.9387,4.99525,3.299,9999,999.9,9999,9999,2.52842,1.87424,1.87333,1.8779,1.8762,1.87759,1.87179,1.8782,0.0619377,1.1658,0,0,11111010,oooooooo,off,off,on,off,0,100,100,2.999,0.066,2.784723054,0.000723023,-1.21E-08,-2.83E-11,-0.057466999,-0.013223211,0.001240205,-1.63E-05,2,2096,1,33,10.2,10.2,0.780029,2.54883,0.947266,2.10938,0.994873,2.23145,33.0875,24.0262,18,232.471,270.932,25.8538,31.2049,29.9999,31.6543,31.6828,15.5451,48.3395,0,25.8606,403.901,21.3867,98.0391,97.972
PHVU,Bean2,3,1711043788,1516,20240321 11:56:28,11:56:28,none,80,30,1.032282934,1.2375,0,10.99857389,0,0.121356678,1711043788,0.00190335,1.903350181,2.862501515,400.162,355.3661303,29.29628435,32.98924331,0.131098962,2.50713507,0.127406194,0.079951987,15.5929605,25.10851046,25.10851046,3.200306101,61.01732278,2.00762153,3.290248472,1.192684571,-83.93774296,62.9988363,5.333441261,-0.012504902,17,6,1,0,39428.90183,79.9639,12.794224,0.16,0.195,9,0.5,0: Broadleaf,2,1711043788,400.162,412.021,24.3526,18.2761,397.01,24.3406,275.043,82.3897,0.0500202,25.5746,24.9959,998.15,0,-1.75,8980.62,79.9639,3.92686,-12.0145,410.037,419.692,6.1844,412.021,18.2761,2.01529,1.50576,17.565,13.0268,1711043824,11:57:04,1711043808,1711043824,15,0.146,-0.003,3.152,0.012,412,18,0.18,0.02,412.0921639,0.100597567,0.135386778,1,399.9696721,0.028975145,0.046313161,1,24.4618377,-0.00639027,0.003813658,1,3,3,03-mar,2.26913,2.68026,0.0759121,0.0778412,0.0956894,0.0765474,26857.4,24503.3,28453.7,25441.6,34732.4,32202.1,41719.5,37480.8,1.45553,1.54515,0.0514761,0,24.1508,999.9,50.134,29.416,25.0667,48.2101,25.016,0.5,0.299395,-0.314349,20.3206,5.25922,11.9381,4.99535,3.299,9999,999.9,9999,9999,2.53484,1.87425,1.87333,1.8779,1.87622,1.87759,1.87179,1.8782,0.120603,1.1658,0,0,11111010,oooooooo,off,off,on,off,0,100,100,3.152,0.012,2.713378238,0.000723023,-1.21E-08,-2.83E-11,-0.058474956,-0.013223211,0.001240205,-1.63E-05,2,2096,1,33,14.3,14,0.791016,2.54639,0.947266,2.1106,0.996094,2.23755,32.798,24.0262,18,233.191,270.854,26.2904,30.8861,29.9999,31.3513,31.3798,15.7797,65.3129,0,26.277,412.213,18.187,98.0854,98.0314
PHVU,Bean2,4,1711044546,2274,20240321 12:09:06,12:09:06,none,120,30,1.042014611,1.2375,0,10.89841542,0,0.182313345,1711044546,0.002613534,2.613533943,4.741709647,400.013,347.627271,28.65103535,32.9686062,0.180636661,2.506333317,0.173703165,0.109165251,23.39142,25.07478496,25.07478496,3.193882186,60.11378408,1.992829783,3.315096219,1.201052403,-115.2568469,84.66912725,7.17368672,-0.022612916,16,6,1,0,39394.08159,119.956,19.19296,0.16,0.195,9,0.5,0: Broadleaf,2,1711044546,400.013,418.949,24.1793,15.8344,396.845,24.2043,275.055,82.3688,0.0500369,25.7014,25.0005,998.15,0,-1.75,8978.75,119.956,3.92686,-18.9607,409.958,425.69,8.48464,418.949,15.8344,2.00312,1.30426,17.4691,10.848,1711044582,12:09:42,1711044576,1711044582,16,0.012,-0.001,3.168,-0.025,419,16,0.14,0.01,418.91315,0.126680189,0.083077639,1,399.98115,-0.002795777,0.031876232,1,24.32172833,-0.006551653,0.003180204,1,3,3,03-mar,2.26936,2.68027,0.0758994,0.0788304,0.0953246,0.0689906,26862.5,24483.4,28458.3,25447.8,34752.8,32473.1,41727.4,37489.1,1.45868,1.54593,0.0427291,0,24.299,999.9,50.195,29.235,24.8446,48.9301,24.5353,0.5,0.289146,-0.360945,20.32,5.25892,11.9384,4.9956,3.299,9999,999.9,9999,9999,2.52945,1.87424,1.87332,1.8779,1.87621,1.87759,1.87177,1.8782,0.179551,1.1658,0,0,11111010,oooooooo,off,off,on,off,0,100,100,3.168,-0.025,2.859694054,0.000723023,-1.21E-08,-2.83E-11,-0.061115286,-0.013223211,0.001240205,-1.63E-05,2,2096,1,33,12.3,12,0.799561,2.53906,0.947266,2.11304,0.996094,2.229,32.6426,24.0262,18,233.807,270.466,26.4064,30.7626,30,31.1878,31.211,15.9461,82.1361,0,26.4068,418.997,15.7696,98.1028,98.0539
PHVU,Bean2,5,1711045184,2912,20240321 12:19:44,12:19:44,none,260,30,1.048808682,1.2375,0,10.81495033,0,0.397152438,1711045184,0.002932437,2.932437182,10.35386883,400.161,308.1669639,25.39361659,32.97412182,0.205843814,2.511539182,0.196909466,0.123838815,50.714625,25.14894585,25.14894585,3.208022972,60.98963988,2.019791758,3.311696481,1.188231213,-129.3204797,72.46099652,6.128363239,-0.016494953,16,6,1,0,39512.70156,260.075,41.612,0.16,0.195,9,0.5,0: Broadleaf,2,1711045184,400.161,437.881,24.5114,15.151,396.854,24.5424,275.042,82.3523,0.0498377,25.6841,24.9998,998.15,0,-1.75,9007.5,260.075,3.92686,-37.8722,410.123,444.617,9.51151,437.881,15.151,2.03101,1.24772,17.6882,10.1834,1711045220,12:20:20,1711045214,1711045220,17,0.126,0.002,3.307,-0.031,438,15,0.05,0.01,437.8513607,0.122243258,0.084693862,1,399.9702623,0.008306716,0.035586377,1,24.62138852,0.081960444,0.024180876,1,3,3,03-mar,2.26937,2.68021,0.0758958,0.0814958,0.0962496,0.0667869,26862.8,24413.2,28458.5,25448.4,34717.1,32551,41727.5,37490,1.4594,1.5468,0.0431761,0,24.291,999.9,50.574,29.124,24.8783,48.6601,24.6915,0.5,0.287424,-0.166683,20.3203,5.25907,11.9382,4.9954,3.299,9999,999.9,9999,9999,2.5249,1.87427,1.87333,1.8779,1.87621,1.87759,1.87176,1.8782,0.388786,1.1658,0,0,11111010,oooooooo,off,off,on,off,0,100,100,3.307,-0.031,2.871707021,0.000723023,-1.21E-08,-2.83E-11,-0.06190897,-0.013223211,0.001240205,-1.63E-05,2,2096,1,33,10.1,10,0.826416,2.53174,0.947266,2.11426,0.994873,2.30957,32.5761,24.035,18,233.947,270.688,26.1812,30.7386,30.0001,31.1498,31.173,16.4832,100,0,26.1823,438.015,14.8283,98.1032,98.0564
PHVU,Bean2,6,1711045595,3323,20240321 12:26:35,12:26:35,none,400,30,1.04703278,1.2375,0,10.83577032,0,0.614369264,1711045595,0.003222749,3.222748646,14.44108027,399.957,283.8198514,23.38356641,32.9519624,0.223166213,2.507876683,0.212691446,0.133832292,78.02925,25.23205125,25.23205125,3.223934246,60.90714257,2.015253855,3.30873157,1.208680391,-142.1232153,59.07750246,5.005465059,-0.010997794,10,2,1,0,39432.67236,400.15,64.024,0.16,0.195,9,0.5,0: Broadleaf,2,1711045595,399.957,435.348,24.4603,17.3868,396.664,24.4583,400.018,82.3389,0.0498628,25.669,24.9958,998.15,0,-1.75,8990,400.15,3.92686,-35.4033,410.022,443.051,7.19229,435.348,17.3868,2.02382,1.43161,17.6319,12.2567,1711045634,12:27:14,1711045634,1711045627,18,-0.012,0.003,3.293,0.002,436,17,0.06,0.01,435.3231333,0.16412559,0.085967914,1,399.9599333,0.082209503,0.043913501,1,24.57713333,-0.000860572,0.002575116,1,3,3,03-mar,2.66648,2.68179,0.075869,0.0811623,0.0960187,0.073846,26866.9,24424.9,28461.8,25451.1,34730.3,32308.4,41732.7,37494.4,1.7738,1.92218,0.0521168,0,24.1401,999.9,52.259,29.024,25.5602,48.1801,16.6266,1,0.281268,-0.282399,20.3203,5.25907,11.9381,4.99145,3.299,9999,999.9,9999,9999,2.52604,1.87425,1.87335,1.8779,1.87622,1.87759,1.87177,1.8782,0.602518,1.1658,0,0,11111010,oooooooo,off,off,on,off,0,100,100,3.293,0.002,2.99740199,0.000723023,-1.21E-08,-2.83E-11,-0.059647322,-0.013223211,0.001240205,-1.63E-05,2,2096,1,33,6.3,6.2,1.12671,2.53662,1.44775,2.39258,1.54541,2.30713,32.5982,24.035,18,365.675,479.567,26.1376,30.6638,29.9999,31.0794,31.0946,22.5121,75.2158,0,26.1428,435.567,17.3112,98.1151,98.0673
PHVU,Bean2,7,1711046058,3786,20240321 12:34:18,12:34:18,none,700,30,1.040705978,1.2375,0,10.50495457,0,1.088222221,1711046058,0.003580235,3.580235426,17.96279897,400.018,270.8080625,22.30647666,32.9495071,0.248402121,2.517130272,0.235542792,0.148314108,136.536855,25.35101364,25.35101364,3.246830654,62.13695024,2.034952359,3.274947276,1.211878294,-157.8883823,19.68873035,1.661584984,-0.00121193,9,2,1,0,39662.46841,700.189,112.03024,0.16,0.195,9,0.5,0: Broadleaf,2,1711046058,400.018,443.656,24.705,16.8486,396.708,24.707,400.006,82.3201,0.0499611,25.4961,24.9905,998.15,0,-1.75,9040,700.189,3.92686,-43.6796,410.163,451.259,7.98644,443.656,16.8486,2.04442,1.38698,17.7926,11.776,1711046093,12:34:53,1711046085,1711046093,19,0.012,0.003,3.31,-0.002,444,17,0.05,0.01,443.5908689,0.188998414,0.070810177,1,399.9490328,0.034946589,0.038060335,1,24.83321803,0.002518667,0.002666151,1,3,3,03-mar,2.66651,2.68212,0.0758728,0.0823151,0.0966972,0.0721763,26868.5,24397.1,28463.5,25454,34706.2,32370.2,41735.3,37498.3,1.77617,1.92362,0.0527799,0,24.1239,999.9,52.887,28.983,25.8117,48.5101,16.6546,1,0.278161,0.127753,20.3212,5.25907,11.939,4.9955,3.299,9999,999.9,9999,9999,2.50752,1.87424,1.87332,1.87788,1.87618,1.87756,1.87167,1.8782,1.07549,1.1658,0,0,11111010,oooooooo,off,off,on,off,0,100,100,3.31,-0.002,2.985106695,0.000723023,-1.21E-08,-2.83E-11,-0.057022941,-0.013223211,0.001240205,-1.63E-05,2,2096,1,33,7.1,7.2,1.14014,2.53174,1.44775,2.3938,1.54541,2.30957,32.5982,24.0262,18,366.488,480.004,25.5192,30.6186,30.0002,31.0146,31.0273,22.7799,84.4834,0,25.5234,443.705,16.742,98.1212,98.0779
PHVU,Bean2,8,1711046395,4122.9,20240321 12:39:55,12:39:55,none,1000,30,1.034640956,1.2375,0,9.731713663,0,1.574240758,1711046395,0.00379419,3.794190464,18.91151218,400.08,272.6119713,22.45187648,32.94993503,0.26611792,2.512304877,0.251390679,0.158374403,195.0585,25.45712827,25.45712827,3.267374039,63.90154564,2.06459246,3.230895965,1.202781579,-167.3237995,-25.57553981,-2.161211981,-0.002051254,9,2,1,0,39584.60834,1000.3,160.048,0.16,0.195,9,0.5,0: Broadleaf,2,1711046395,400.08,446.049,25.0684,16.745,396.701,25.0744,399.977,82.3086,0.0497659,25.2683,25.0179,998.15,0,-1.75,9016.25,1000.3,3.92686,-46.0686,410.326,453.646,8.46741,446.049,16.745,2.07519,1.37825,18.03,11.6805,1711046424,12:40:24,1711046424,1711046421,20,0.067,-0.003,3.379,-0.006,446,17,0.08,0.01,445.9777049,0.048977261,0.061819766,1,399.9694098,0.026230566,0.035919481,1,25.17701148,-0.003678054,0.021763265,1,3,3,03-mar,2.66635,2.68181,0.0758606,0.0826328,0.0976869,0.0718412,26866.1,24384.8,28460.7,25450.1,34665,32377.1,41731.6,37492.8,1.77638,1.92315,0.04825,0,24.2257,999.9,53.443,28.983,26.0875,48.2601,16.5986,1,0.283664,0.831607,20.3181,5.25892,11.9388,4.99545,3.299,9999,999.9,9999,9999,2.46057,1.87425,1.87337,1.8779,1.87622,1.87759,1.87178,1.8782,1.56943,1.1658,0,0,11111010,oooooooo,off,off,on,off,0,100,100,3.379,-0.006,2.996658488,0.000723023,-1.21E-08,-2.83E-11,-0.053708274,-0.013223211,0.001240205,-1.63E-05,2,2096,1,33,5.2,5,1.14258,2.5293,1.44775,2.39502,1.54541,2.28149,32.6869,24.035,18,366.676,479.787,24.7077,30.6697,30.0002,31.0308,31.0405,22.8256,100,0,24.7004,445.906,16.5323,98.1121,98.0632
PHVU,Bean2,9,1711046726,4453.9,20240321 12:45:26,12:45:26,none,1500,30,1.026722104,1.2375,0,10.11173794,0,2.414053153,1711046726,0.004089504,4.089503753,19.61402152,399.627,273.6883805,22.54081081,32.91303994,0.280833364,2.506765434,0.264452194,0.166674722,292.5975,25.7316816,25.7316816,3.321054396,65.84171151,2.089276787,3.173181163,1.231777609,-180.3471155,-103.5183828,-8.765730495,-0.033728829,14,3,1,0,39500.61733,1500.5,240.08,0.16,0.195,9,0.5,0: Broadleaf,2,1711046726,399.627,436.053,25.3678,18.535,396.608,25.3478,524.995,82.3091,0.0503,24.9657,25.0021,998.15,0,-1.75,8987.5,1500.5,3.92686,-36.0986,410.415,444.288,6.95265,436.053,18.535,2.09786,1.52559,18.2029,13.2271,1711046758,12:45:58,1711046758,1711046758,21,-0.284,0.002,3.019,0.02,338,18,0.03,0.01,435.96705,-0.053009725,0.059427386,1,400.02425,-0.152177271,0.067773551,1,25.44653167,0.074672909,0.021774614,1,3,3,03-mar,2.9978,2.68384,0.0758173,0.0812209,0.0983951,0.0772859,26857.2,24410.9,28450.6,25438.8,34624.6,32173.7,41715.4,37477.6,2.03482,1.648,0.0721365,0,23.8174,999.9,53.785,28.993,26.2688,48.0501,27.4239,1,0.301885,0.916397,20.3178,5.25922,11.94,4.9956,3.299,9999,999.9,9999,9999,2.48432,1.87431,1.87343,1.8779,1.87622,1.87759,1.8718,1.87822,2.4265,1.1658,0,0,11111010,oooooooo,off,off,on,off,0,100,100,3.019,0.02,3.063240304,0.000723023,-1.21E-08,-2.83E-11,-0.056957924,-0.013223211,0.001240205,-1.63E-05,2,2096,1,33,5,5.1,1.12061,2.53296,1.44775,2.39258,1.54541,2.2937,32.8202,24.0262,18,513.512,318.417,24.0495,30.8924,30,31.1987,31.2001,22.3787,77.3215,0,24.0536,436.349,18.6698,98.0753,98.022
PHVU,Bean2,10,1711047060,4787.9,20240321 12:51:00,12:51:00,none,2000,30,1.022260582,1.2375,0,9.828199263,0,3.295972225,1711047060,0.0041247,4.124700386,19.71553408,400.151,276.2796249,22.74890766,32.94849612,0.287510156,2.503707411,0.270346721,0.170423319,390.18915,26.08078657,26.08078657,3.390422482,69.86814807,2.176620878,3.115326422,1.213801604,-181.899287,-192.1150416,-16.29120448,-0.116383159,13,2,1,0,39472.74504,2000.97,320.1552,0.16,0.195,9,0.5,0: Broadleaf,2,1711047060,400.151,435.111,26.4345,19.8639,396.888,26.3945,550.041,82.29,0.0501569,24.6575,24.9995,998.15,0,-1.75,8973.75,2000.97,3.92686,-35.1596,410.862,443.929,6.69189,435.111,19.8639,2.18528,1.6346,18.8548,14.2889,1711047083,12:51:23,1711047081,1711047083,22,0.176,-0.004,3.263,0.04,436,20,0.05,0.01,435.12495,0.046197833,0.035730671,1,399.9858667,0.022279522,0.030588923,1,26.524995,0.084958766,0.025020141,1,3,3,03-mar,3.05781,2.68396,0.0758694,0.0811018,0.10122,0.0812166,26864.2,24424.2,28459.1,25448.8,34526,32048.7,41728.5,37491.5,2.08535,2.19007,0.108406,0,23.2182,999.9,54.877,28.993,26.8106,48.6501,12.5481,2,0.288808,1.87075,20.3075,5.25907,11.9394,4.99515,3.299,9999,999.9,9999,9999,2.46673,1.87433,1.87346,1.87796,1.87623,1.87761,1.8718,1.87832,3.33584,1.1658,0,0,11111010,oooooooo,off,off,on,off,0,100,100,3.263,0.04,2.779301048,0.000723023,-1.21E-08,-2.83E-11,-0.054535994,-0.013223211,0.001240205,-1.63E-05,2,2096,1,33,5,5,1.37207,2.53296,2.04712,2.74536,2.24365,2.30957,32.7535,24.0262,18,545.723,693.811,23.0416,30.7027,30.0007,31.0931,31.0984,27.4052,65.0553,0,22.9713,435.185,19.8288,98.1054,98.0592
PHVU,Bean3,1,1711051387,0,20240321 14:03:07,14:03:07,none,0,30,1.044558333,1.2375,0,11.29540514,0,1.29E-15,1711051387,0.001808576,1.808576477,-1.432401304,399.964,407.8729338,33.53431778,32.88406453,0.145918045,2.505707339,0.141356368,0.0887457,-0.0448695,24.94514629,24.94514629,3.169293846,65.71774119,2.15140336,3.273702536,1.017890487,-79.75822264,73.56250541,6.223529846,-0.017056887,23,8,1,0,39406.58082,-0.2301,-0.036816,0.16,0.195,9,0.5,0: Broadleaf,2,1711051387,399.964,397.644,26.1672,20.4043,396.698,26.1242,275.057,82.1675,0.0500609,25.4897,24.9948,998.15,0,-1.75,8997.5,-0.2301,3.98461,2.29163,410.728,405.927,5.87273,397.644,20.4043,2.15912,1.67657,18.6622,14.6812,1711051416,14:03:36,1711051416,1711051414,23,0.03,-0.006,3.266,0.043,398,20,0.39,0.02,397.5559344,0.155555791,0.108874701,1,399.9470656,0.022559492,0.051254386,1,26.24292787,0.073118456,0.021603742,1,3,3,03-mar,2.26909,2.68038,0.0756564,0.0755445,0.100265,0.0825868,26857.3,24557,28446,25434.3,34546.6,31983.5,41708.2,37471.8,1.43642,1.55218,0.0459999,0,24.2396,999.9,51.245,28.772,24.7531,48.2607,27.8365,0.5,0.308539,-0.400779,20.3205,5.25907,11.9384,4.99535,3.299,9999,999.9,9999,9999,2.55038,1.87431,1.87338,1.87789,1.87622,1.87758,1.87175,1.8782,0,1.1658,0,0,11111010,oooooooo,off,off,on,off,0,100,100,3.266,0.043,2.954606654,0.000723023,-1.21E-08,-2.83E-11,-0.058132375,-0.013223211,0.001240205,-1.63E-05,2,2096,1,33,71.8,71.7,0.718994,2.53906,0.947266,2.11426,0.996094,2.24731,32.7091,24.0262,18,226.867,274.553,26.2051,30.9801,29.9998,31.4779,31.5117,14.342,100,0,26.2073,397.549,0,98.0589,98.0059
PHVU,Bean3,2,1711052020,633,20240321 14:13:40,14:13:40,none,40,30,1.003312657,1.2375,0,11.08593278,0,0.060586127,1711052020,0.001840087,1.840087173,1.080207457,400.005,380.1985344,31.25241009,32.88050628,0.149349845,2.510044747,0.144582823,0.090779887,7.8152685,24.93147348,24.93147348,3.166710219,66.03937985,2.154418923,3.262324583,1.012291295,-81.14784435,67.61022643,5.707995116,-0.014354307,22,8,1,0,39511.24243,40.0783,6.412528,0.16,0.195,9,0.5,0: Broadleaf,2,1711052020,400.005,405.947,26.2094,20.3472,396.724,26.1614,275.097,82.1504,0.0498382,25.4311,25.0018,998.15,0,-1.75,9021.88,40.0783,3.98461,-5.95581,410.799,414.379,5.96184,405.947,20.3472,2.1613,1.67153,18.6783,14.6345,1711052055,14:14:15,1711052053,1711052055,24,0.01,0.005,3.281,0.048,406,20,0.4,0.02,405.9604098,-0.025719725,0.162092908,1,399.9960656,0.010870439,0.047230814,1,26.35474754,-0.088080381,0.025903393,1,3,3,03-mar,2.26953,2.68028,0.0756955,0.0767875,0.100405,0.0824569,26864.5,24534.8,28454.2,25444.9,34551.6,32000.4,41721.3,37485.9,1.43968,1.55523,0.0365824,0,24.4013,999.9,49.097,28.883,23.8723,48.6507,27.7845,0.5,0.291499,-0.244812,20.3209,5.25937,11.9406,4.99545,3.299,9999,999.9,9999,9999,2.53948,1.87428,1.87337,1.8779,1.87622,1.87759,1.87179,1.8782,0.0619305,1.1658,0,0,11111010,oooooooo,off,off,on,off,0,100,100,3.281,0.048,2.984220295,0.000723023,-1.21E-08,-2.83E-11,-0.063959822,-0.013223211,0.001240205,-1.63E-05,2,2096,1,33,10.1,10.1,0.722656,2.5354,0.947266,2.11426,0.996094,2.22168,32.4875,24.035,18,227.224,274.746,26.0548,30.7626,30,31.215,31.2453,14.3946,100,0,26.0539,406.061,12.2666,98.0886,98.0444
PHVU,Bean3,3,1711052897,1510,20240321 14:28:17,14:28:17,none,80,30,1.028977562,1.2375,0,10.86564603,0,0.121356678,1711052897,0.001494989,1.494989143,3.148959478,400.059,346.3729211,28.4634263,32.87511572,0.112842286,2.502649943,0.110090003,0.069047942,15.6157755,25.00745262,25.00745262,3.181090653,64.70960643,2.101034619,3.246866633,1.080056034,-65.92902121,46.37938104,3.92707125,-0.006793423,23,8,1,0,39356.1403,80.0809,12.812944,0.16,0.195,9,0.5,0: Broadleaf,2,1711052897,400.059,412.32,25.5676,20.8008,396.764,25.5126,275.046,82.1254,0.0502684,25.3512,25.0088,998.15,0,-1.75,8986.25,80.0809,3.98461,-12.279,410.574,421.079,4.85276,412.32,20.8008,2.10681,1.70827,18.2708,14.9718,1711052926,14:28:46,1711052926,1711052926,25,0.01,-0.001,3.295,0.055,412,21,0.4,0.02,412.676,0.006285563,0.323503617,1,400.0222787,0.051585405,0.092000914,1,25.64163115,0.024856055,0.007464222,1,3,3,03-mar,2.26943,2.68054,0.0756903,0.0777041,0.0986481,0.0837516,26867.9,24513.3,28457.5,25447.6,34623.7,31958.6,41726.5,37489.8,1.43813,1.55695,0.0378862,0,24.3869,999.9,48.608,28.883,23.6445,48.3207,27.8325,0.5,0.286606,-0.0928077,20.3215,5.25922,11.9417,4.9955,3.299,9999,999.9,9999,9999,2.52767,1.87427,1.87334,1.8779,1.87622,1.87759,1.87176,1.87821,0.12102,1.1658,0,0,11111010,oooooooo,off,off,on,off,0,100,100,3.295,0.055,2.993751888,0.000723023,-1.21E-08,-2.83E-11,-0.058789276,-0.013223211,0.001240205,-1.63E-05,2,2096,1,33,14.1,14,0.718994,2.53174,0.947266,2.11426,0.996094,2.26929,32.3991,24.0262,18,226.439,275.137,25.8476,30.7119,30,31.1308,31.1595,14.3416,100,0,25.8464,412.576,11.0766,98.1005,98.0547
PHVU,Bean3,4,1711053648,2261,20240321 14:40:48,14:40:48,none,120,30,1.038864685,1.2375,0,11.01281005,0,0.182313345,1711053648,0.001600484,1.600483507,5.260403289,399.992,323.7614814,26.59760854,32.86008759,0.125469201,2.515757711,0.12209364,0.076604241,23.413065,25.02408644,25.02408644,3.18424651,66.00434642,2.142257675,3.245631222,1.041988835,-70.58132267,43.49822953,3.66411459,-0.00591355,23,8,1,0,39650.12801,120.067,19.21072,0.16,0.195,9,0.5,0: Broadleaf,2,1711053648,399.992,419.299,26.0768,20.9765,396.72,26.0158,275.057,82.102,0.049862,25.3448,25.001,998.15,0,-1.75,9056.88,120.067,3.98461,-19.2922,410.755,428.283,5.18881,419.299,20.9765,2.14822,1.72221,18.5813,15.0981,1711053681,14:41:21,1711053668,1711053681,26,-0.028,0.003,3.272,0.061,419,21,0.13,0.02,419.0989,0.008932481,0.067585181,1,399.98435,0.036541817,0.037524137,1,26.13278333,0.065379494,0.018950191,1,3,3,03-mar,2.26953,2.68047,0.0756756,0.078693,0.0999885,0.0842396,26870.8,24488.7,28460,25449.2,34574.8,31943.4,41730.1,37491.9,1.43928,1.5586,0.0382662,0,24.3728,999.9,48.059,28.842,23.3268,48.4108,27.9167,0.5,0.282449,-0.116209,20.3216,5.25892,11.9409,4.9951,3.299,9999,999.9,9999,9999,2.5356,1.87424,1.87338,1.8779,1.87622,1.87759,1.87179,1.87821,0.180036,1.1658,0,0,11111010,oooooooo,off,off,on,off,0,100,100,3.272,0.061,3.003708609,0.000723023,-1.21E-08,-2.83E-11,-0.059447977,-0.013223211,0.001240205,-1.63E-05,2,2096,1,33,12,12,0.726318,2.53662,0.947266,2.11548,0.996094,2.27539,32.3107,24.035,18,226.702,275.66,25.8248,30.6612,30,31.0848,31.1109,14.4876,100,0,25.818,419.116,10.784,98.109,98.0605
PHVU,Bean3,5,1711054307,2920,20240321 14:51:47,14:51:47,none,260,30,1.045320061,1.2375,0,10.84254088,0,0.397152438,1711054307,0.002246922,2.246921554,10.84447542,400.14,285.2673022,23.43184902,32.86748952,0.166889238,2.503591374,0.160946026,0.101107608,50.624925,25.05680908,25.05680908,3.190462808,63.93860118,2.080523422,3.253939534,1.109939386,-99.08924055,44.67504232,3.782972929,-0.006300297,20,4,1,0,39372.1275,259.615,41.5384,0.16,0.195,9,0.5,0: Broadleaf,2,1711054307,400.14,422.391,25.329,21.1795,396.832,25.263,474.999,82.0901,0.0498748,25.3878,24.9968,998.15,0,-1.75,8995,259.615,3.98461,-22.3003,410.518,431.53,4.22198,422.391,21.1795,2.08521,1.73862,18.1066,15.2456,1711054337,14:52:17,1711054333,1711054337,27,0.033,0.002,3.308,0.066,425,21,0.09,0.02,422.247623,-0.169824432,0.426316021,1,400.1984754,-0.050024326,0.26497724,1,25.38165082,-0.042158964,0.03126544,1,3,3,03-mar,2.87249,2.6828,0.0756783,0.0791299,0.0979445,0.0848112,26871.1,24479.1,28460.4,25451.4,34654.7,31926.3,41731.2,37495.1,1.92245,1.7833,0.0343844,0,24.4324,999.9,43.493,28.792,21.0542,48.2607,25.4888,1,0.28128,-0.1004,20.3215,5.25907,11.9411,4.99515,3.299,9999,999.9,9999,9999,2.52641,1.87432,1.87337,1.8779,1.87622,1.87759,1.8718,1.87822,0.390056,1.1658,0,0,11111010,oooooooo,off,off,on,off,0,100,100,3.308,0.066,2.97563984,0.000723023,-1.21E-08,-2.83E-11,-0.056747099,-0.013223211,0.001240205,-1.63E-05,2,2096,1,33,10.7,10.4,0.858154,2.53662,1.44775,2.39502,1.54541,2.31567,32.377,24.0262,18,444.55,391.096,25.7891,30.6612,30.0001,31.0713,31.0785,17.1283,100,0,25.788,421.704,8.044,98.1111,98.0689
PHVU,Bean3,6,1711054703,3316,20240321 14:58:23,14:58:23,none,400,30,1.045324285,1.2375,0,10.80128633,0,0.614369264,1711054703,0.002531187,2.531187123,14.20753236,399.934,269.132814,22.10234471,32.84430092,0.190797438,2.506749902,0.183081136,0.115092986,78.0585,25.13931529,25.13931529,3.206183559,64.84297821,2.107506708,3.250169511,1.09867685,-111.6253521,30.94588738,2.617949087,-0.003015672,21,4,1,0,39445.26056,400.3,64.048,0.16,0.195,9,0.5,0: Broadleaf,2,1711054703,399.934,427.329,25.6624,21.2233,396.633,25.5954,500.013,82.0744,0.0499028,25.3683,24.9932,998.15,0,-1.75,9013.12,400.3,3.98461,-27.4048,410.491,436.595,4.5185,427.329,21.2233,2.11274,1.74189,18.3156,15.2748,1711054735,14:58:55,1711054731,1711054735,28,-0.012,0,3.301,0.067,429,21,0.08,0.02,428.1084754,0.121837123,0.377844604,1,400.0072459,0.104795346,0.164526211,1,25.69460328,0.09197229,0.027065337,1,3,3,03-mar,2.93649,2.68324,0.075644,0.079823,0.0988351,0.0849272,26871.2,24458.2,28459.4,25448.7,34618.9,31919.4,41729.7,37491.7,1.97377,1.73235,0.0342913,0,24.4303,999.9,40.618,28.772,19.6422,47.9307,27.3598,1,0.281435,0.0615659,20.3215,5.25922,11.939,4.9952,3.299,9999,999.9,9999,9999,2.52415,1.87424,1.87344,1.87791,1.87622,1.87759,1.8718,1.87824,0.603599,1.1658,0,0,11111010,oooooooo,off,off,on,off,0,100,100,3.301,0.067,3.008732506,0.000723023,-1.21E-08,-2.83E-11,-0.054914034,-0.013223211,0.001240205,-1.63E-05,2,2096,1,33,6.2,6.1,0.810547,2.53052,1.44775,2.39136,1.54541,2.33765,32.4654,24.035,18,474.4,361.879,25.5676,30.6425,30.0001,31.0388,31.0434,16.1703,100,13.4204,25.5754,427.783,3.88268,98.1075,98.0593
PHVU,Bean3,7,1711055226,3839,20240321 15:07:06,15:07:06,none,700,30,1.040513017,1.2375,0,9.982897108,0,1.088222221,1711055226,0.002996676,2.996676429,18.03076907,400.067,256.4208348,21.05790049,32.85447176,0.220667977,2.496470128,0.210376157,0.13236977,136.521255,25.25911257,25.25911257,3.22913024,65.06458537,2.097283523,3.22338721,1.131846717,-132.1534305,-4.025923127,-0.341952783,-5.14E-05,12,2,1,0,39233.50185,700.109,112.01744,0.16,0.195,9,0.5,0: Broadleaf,2,1711055226,400.067,424.791,25.5385,21.784,396.757,25.4665,699.995,82.0723,0.0501239,25.2292,24.989,998.15,0,-1.75,8960,700.109,3.98461,-24.7541,410.552,434.251,3.82692,424.791,21.784,2.10195,1.78786,18.2339,15.6811,1711055248,15:07:28,1711055245,1711055248,29,0.012,-0.005,3.31,0.072,426,22,0.07,0.03,424.6492667,0.154769658,0.184873909,1,399.98725,-0.083081412,0.105771865,1,25.56827333,0.097811503,0.028422168,1,3,3,03-mar,3.37593,2.68582,0.0756358,0.0794424,0.098456,0.086482,26856.4,24453.3,28444.1,25433.8,34614.7,31846.9,41706.4,37470.6,2.32675,1.95227,0.0170693,0,24.7089,999.9,33.94,28.873,16.5105,48.2007,25.4527,2,0.304141,0.782252,20.3187,5.25862,11.9397,4.9943,3.299,9999,999.9,9999,9999,2.47642,1.87435,1.87347,1.87795,1.87631,1.87769,1.8718,1.87836,1.07728,1.1658,0,0,11111010,oooooooo,off,off,on,off,0,100,100,3.31,0.072,2.997236574,0.000723023,-1.21E-08,-2.83E-11,-0.054532913,-0.013223211,0.001240205,-1.63E-05,2,2096,1,33,8.2,8.2,0.72998,2.5415,2.04834,2.75024,2.24365,2.31689,32.8869,24.0262,18,728.392,501.192,24.8379,30.8884,30.0004,31.1582,31.1596,14.538,100,0,24.847,423.858,0,98.0536,98.0034
PHVU,Bean3,8,1711055554,4167.1,20240321 15:12:34,15:12:34,none,1500,30,1.033115572,1.2375,0,10.15005016,0,2.414053153,1711055554,0.003210732,3.210732403,18.76311948,400.114,255.6216595,20.98983305,32.85451663,0.228883718,2.517480547,0.217919387,0.13714094,195.12675,25.5458093,25.5458093,3.284629362,65.7859907,2.11458755,3.214343248,1.170041811,-141.593299,-49.37707604,-4.163987919,-0.007612925,11,2,1,0,39710.0306,1000.65,160.104,0.16,0.195,9,0.5,0: Broadleaf,2,1711055554,400.114,426.102,25.7522,21.6973,396.792,25.6792,694.282,82.0643,0.0485894,25.182,24.9923,998.15,0,-1.75,9070,1000.65,3.98461,-26.0179,410.689,435.552,4.12566,426.102,21.6973,2.11914,1.78057,18.3638,15.6173,1711055578,15:12:58,1711055578,1711055576,30,0.01,0.002,3.322,0.073,428,22,0.13,0.02,426.051541,-0.018041248,0.677288581,1,399.9338033,-0.173514543,0.459434072,1,25.77035574,0.099918562,0.029438285,1,3,3,03-mar,3.36438,2.68474,0.0756132,0.0795975,0.0989953,0.0862081,26856.8,24447,28444.1,25431.8,34593.4,31854.6,41705.6,37468.5,2.31868,1.9605,0.0348687,0,24.4199,999.9,46.325,28.873,22.5353,48.3207,16.6386,2,0.309309,0.775346,20.318,5.25697,11.9394,4.9931,3.29863,9999,999.9,9999,9999,2.48664,1.8743,1.87347,1.87794,1.87626,1.87762,1.8718,1.87833,1.56989,1.1658,0,0,11111010,oooooooo,off,off,on,off,0,100,100,3.322,0.073,3.009075909,0.000723023,-1.21E-08,-2.83E-11,-0.059049958,-0.013223211,0.001240205,-1.63E-05,2,2096,1,33,5.2,5.1,0.639648,2.54395,2.04834,2.74658,2.24365,2.32422,33.0206,24.0175,18,723.187,508.472,24.5557,30.9697,30,31.2723,31.2707,12.7565,100,45.1739,24.5681,425.341,12.9703,98.0524,97.9969
PHVU,Bean3,9,1711055868,4481.1,20240321 15:17:48,15:17:48,none,1500,30,1.025524441,1.2375,0,9.694813319,0,2.414053153,1711055868,0.003581523,3.581522921,19.76971702,399.974,256.7524205,21.08222111,32.84230111,0.24480599,2.511644474,0.232280433,0.146247217,292.58385,25.9349728,25.9349728,3.361296517,67.15595268,2.137622639,3.183072466,1.223673877,-157.9451608,-124.1787896,-10.50828017,-0.048380568,12,2,1,0,39601.17066,1500.43,240.0688,0.16,0.195,9,0.5,0: Broadleaf,2,1711055868,399.974,425.414,26.0333,21.8478,396.627,25.9603,750.079,82.0612,0.04989,25.0179,24.9997,998.15,0,-1.75,9040,1500.43,3.98461,-25.4844,410.652,434.915,4.26355,425.414,21.8478,2.14273,1.79286,18.5405,15.7247,1711055892,15:18:12,1711055892,1711055892,31,0.026,-0.002,3.347,0.073,428,22,0.08,0.02,425.4251803,-0.070648334,0.47898833,1,400.105541,0.110871497,0.246820873,1,26.10452623,-0.018744051,0.014942687,1,3,3,03-mar,3.46926,2.68663,0.0755874,0.0794975,0.0997473,0.0866263,26858.7,24451.2,28445.2,25433.4,34566.1,31842.1,41707.8,37471,2.39237,1.85115,0.0482425,0,24.2076,999.9,40.233,28.832,19.5277,48.1407,28.6579,2,0.309139,1.22181,20.3155,5.25922,11.9427,4.99435,3.299,9999,999.9,9999,9999,2.45819,1.87438,1.87347,1.87793,1.87623,1.87762,1.8718,1.87834,2.43213,1.1658,0,0,11111010,oooooooo,off,off,on,off,0,100,100,3.347,0.073,3.019252526,0.000723023,-1.21E-08,-2.83E-11,-0.056837362,-0.013223211,0.001240205,-1.63E-05,2,2096,1,33,4.8,4.9,0.543213,2.5415,2.04834,2.7478,2.24365,2.35474,33.1099,24.0262,18,786.939,433.986,23.81,30.9578,29.9999,31.2804,31.2789,10.8286,100,30.0056,23.8168,424.822,11.0083,98.0571,98.0033
PHVU,Bean3,10,1711056195,4808.1,20240321 15:23:15,15:23:15,none,2000,30,1.02127136,1.2375,0,9.184422658,0,3.295972225,1711056195,0.003909018,3.90901782,20.13626318,400.31,259.665579,21.31859301,32.8655265,0.25559664,2.492018514,0.241874438,0.152342988,390.0897,26.37726958,26.37726958,3.450324754,68.68636809,2.168881732,3.157659653,1.281443022,-172.3876858,-200.6874979,-17.14292637,-0.128410134,11,1,1,0,39179.09119,2000.46,320.0736,0.16,0.195,9,0.5,0: Broadleaf,2,1711056195,400.31,426.353,26.4175,21.8503,396.96,26.3425,749.951,82.0497,0.0504886,24.8835,25.0022,998.15,0,-1.75,8939.38,2000.46,3.98461,-26.0654,411.184,435.877,4.64837,426.353,21.8503,2.1742,1.79281,18.7735,15.7242,1711056218,15:23:38,1711056218,1711056217,32,0.003,-0.001,3.35,0.075,427,22,0.08,0.01,426.0279167,0.019863851,0.540968215,1,399.8974667,-0.186978605,0.270142831,1,26.42895,0.065620895,0.019546112,1,3,3,03-mar,3.46906,2.68674,0.0756319,0.079623,0.100761,0.0866247,26856.8,24448.5,28444.5,25433.9,34525.9,31842.8,41706.4,37471.7,2.39333,1.85028,0.0601485,0,24.0146,999.9,44.976,28.852,21.8597,49.1908,28.6418,2,0.309614,1.83057,20.3085,5.25922,11.9418,4.9944,3.299,9999,999.9,9999,9999,2.42383,1.87439,1.87347,1.878,1.87625,1.87764,1.8718,1.87831,3.34622,1.1658,0,0,11111010,oooooooo,off,off,on,off,0,100,100,3.35,0.075,3.044791642,0.000723023,-1.21E-08,-2.83E-11,-0.058832619,-0.013223211,0.001240205,-1.63E-05,2,2096,1,33,5,5,0.461426,2.54761,2.04712,2.74048,2.24365,2.33276,33.1322,24.0175,18,787.543,433.288,22.9578,30.9346,29.9998,31.2614,31.2599,9.18066,68.8382,54.6044,22.9699,425.453,23.5042,98.0542,98.0052
PHVU,Bean4,1,1711062782,0,20240321 17:13:02,17:13:02,none,0,30,1.045915295,1.2375,0,11.73648242,0,1.29E-15,1711062782,0.000376294,0.376293867,-1.10684718,399.727,460.2837668,37.78614832,32.81485205,0.025088419,2.501395242,0.02494946,0.015605833,-0.03045705,25.11855233,25.11855233,3.20222102,62.13866886,2.003327561,3.223962788,1.198893459,-16.59455955,15.32598179,1.298292466,-0.000742348,30,5,1,0,39343.16872,-0.15619,-0.0249904,0.16,0.195,9,0.5,0: Broadleaf,2,1711062782,399.727,398.162,24.4031,23.8024,396.624,24.2851,550.025,82.0431,0.0500587,25.2322,24.9892,998.15,0,-1.75,8988.75,-0.15619,3.98461,1.81772,409.987,407.87,0.605463,398.162,23.8024,2.00249,1.95282,17.4641,17.0669,1711062810,17:13:30,1711062810,1711062800,39,-0.252,0.005,3.103,0.118,399,24,0.61,0.13,398.0801475,-0.054044421,0.387105392,1,399.9610164,-0.103069276,0.159956397,1,24.41880492,0.001650555,0.004415933,1,3,3,03-mar,3.05921,2.68393,0.0758049,0.0758231,0.0954514,0.092257,26904.3,24603.6,28496.8,25486.3,34797.4,31704,41788.9,37538.8,2.06868,2.2222,0.053376,0,24.1128,999.9,65.743,27.644,29.7815,48.18,17.476,2,0.207591,-0.533862,20.3205,5.25952,11.9402,4.9954,3.299,9999,999.9,9999,9999,2.57234,1.87433,1.87334,1.8779,1.87622,1.87759,1.8718,1.87824,0,1.1658,0,0,11111010,oooooooo,off,off,on,off,0,100,100,3.103,0.118,3.072624969,0.000723023,-1.21E-08,-2.83E-11,-0.054586336,-0.013223211,0.001240205,-1.63E-05,2,2096,1,33,33.3,33.4,0.786133,2.53296,2.04834,2.74048,2.24365,2.30469,32.1344,24.0262,18,525.261,709.815,25.9012,29.7078,30.0001,29.9969,29.9982,15.6861,27.2589,96.2724,25.902,398.12,23.9002,98.2426,98.1915
PHVU,Bean4,2,1711063418,636,20240321 17:23:38,17:23:38,none,40,30,1.002946043,1.2375,0,11.22748247,0,0.060586127,1711063418,0.000629329,0.629328826,0.800494627,400.165,360.5281266,29.59963564,32.85385335,0.042312109,2.507336751,0.041919399,0.026234604,7.7800515,25.10856298,25.10856298,3.200316113,62.20090495,2.006838303,3.2263812,1.193477809,-27.75340122,18.41591291,1.556369988,-0.001066821,29,11,1,0,39474.55332,39.8977,6.383632,0.16,0.195,9,0.5,0: Broadleaf,2,1711063418,400.165,403.608,24.4436,22.4349,396.93,24.3556,275.079,82.0509,0.0498668,25.2448,25.002,998.15,0,-1.75,9018.75,39.8977,3.98461,-3.57468,410.074,412.871,2.04959,403.608,22.4349,2.00897,1.8408,17.5152,16.1376,1711063440,17:24:00,1711063436,1711063440,40,0.128,-0.004,3.235,0.088,405,22,0.68,0.07,404.5334754,0.194836594,0.319594754,1,400.0015082,0.078117398,0.093855771,1,24.50663607,-0.09853834,0.033133713,1,3,3,03-mar,2.27067,2.68029,0.0758166,0.0765695,0.0956079,0.0884652,26903.7,24583.4,28497,25486.4,34791,31837.9,41788.3,37540.5,1.42928,1.57445,0.0536963,0,24.1204,999.9,64.626,27.664,29.3104,48.15,30.4207,0.5,0.215442,-0.370131,20.3211,5.25967,11.9399,4.99545,3.299,9999,999.9,9999,9999,2.54688,1.87425,1.87333,1.8779,1.87622,1.87759,1.8718,1.87827,0.0619339,1.1658,0,0,11111010,oooooooo,off,off,on,off,0,100,100,3.235,0.088,2.820769019,0.000723023,-1.21E-08,-2.83E-11,-0.049775477,-0.013223211,0.001240205,-1.63E-05,2,2096,1,33,10.1,10.3,0.599365,2.53784,0.947266,2.10938,0.994873,2.32544,31.8269,24.0437,18,220.733,278.797,25.8484,29.8387,30.0001,30.2091,30.2307,11.9369,36.8128,88.7982,25.8479,404.61,22.3822,98.242,98.1941
PHVU,Bean4,3,1711064282,1500,20240321 17:38:02,17:38:02,none,80,30,1.029937989,1.2375,0,11.20260707,0,0.121356678,1711064282,0.001134494,1.134493976,3.433619705,400.039,319.1845112,26.20180651,32.83913882,0.077134139,2.500603263,0.075836306,0.047512477,15.622581,25.04562507,25.04562507,3.188336998,61.82789135,1.999092909,3.23331892,1.189244089,-50.03118432,31.71800646,2.687415147,-0.003181718,28,10,1,0,39318.99572,80.1158,12.818528,0.16,0.195,9,0.5,0: Broadleaf,2,1711064282,400.039,412.761,24.3525,20.7302,396.727,24.2965,275.013,82.0398,0.0500433,25.2809,24.9927,998.15,0,-1.75,8985,80.1158,3.98461,-12.8027,409.97,421.499,3.69034,412.761,20.7302,2.00346,1.7007,17.4717,14.9028,1711064315,17:38:35,1711064315,1711064309,41,0.072,-0.003,3.312,0.056,413,21,0.29,0.03,411.8401,-0.168956932,0.319950658,1,399.9866,-0.041114754,0.086073263,1,24.4332,0.017796277,0.010923568,1,3,3,03-mar,2.27002,2.68031,0.0757186,0.0778108,0.0953658,0.0835887,26892.6,24536,28482.9,25472.4,34782.7,31992.5,41766.5,37522.3,1.4284,1.56858,0.047341,0,24.2154,999.9,61.397,27.664,27.8499,48.72,30.645,0.5,0.239309,-0.345553,20.3213,5.25877,11.9403,4.99475,3.299,9999,999.9,9999,9999,2.54559,1.87426,1.87332,1.8779,1.87622,1.87759,1.87178,1.8782,0.120827,1.1658,0,0,11111010,oooooooo,off,off,on,off,0,100,100,3.312,0.056,2.948932623,0.000723023,-1.21E-08,-2.83E-11,-0.05350223,-0.013223211,0.001240205,-1.63E-05,2,2096,1,33,14.1,14,0.593262,2.54272,0.947266,2.10815,0.996094,2.20947,31.7611,24.035,18,221.304,277.533,25.8627,30.134,30.0002,30.5101,30.5319,11.8261,37.8977,71.1599,25.8641,411.713,20.7028,98.1918,98.1439
PHVU,Bean4,4,1711065037,2255.1,20240321 17:50:37,17:50:37,none,120,30,1.039696415,1.2375,0,11.33626798,0,0.182313345,1711065037,0.001548372,1.548371748,4.984612996,400.032,313.8993745,25.77125262,32.84277245,0.104905565,2.507207017,0.102526649,0.064288399,23.393565,25.0663266,25.0663266,3.192272835,61.25919558,1.991524928,3.250981194,1.200747908,-68.28319407,41.3850127,3.499225696,-0.005390677,27,10,1,0,39454.75323,119.967,19.19472,0.16,0.195,9,0.5,0: Broadleaf,2,1711065037,400.032,418.371,24.2572,19.3131,396.643,24.2292,275.021,82.0505,0.0498631,25.3725,24.9962,998.15,0,-1.75,9018.12,119.967,3.97161,-18.4234,409.929,426.61,5.0359,418.371,19.3131,1.99784,1.58464,17.4272,13.8103,1711065066,17:51:06,1711065061,1711065066,42,0.072,-0.004,3.389,0.028,419,19,0.09,0.01,418.4453115,0.045594923,0.168930342,1,399.9698525,0.081109466,0.063147975,1,24.36781803,-0.035460603,0.010732233,1,3,3,03-mar,2.26989,2.68029,0.0756893,0.0785857,0.0951616,0.0794581,26890.9,24512.5,28480.6,25469.7,34787.5,32134.7,41762.5,37519.9,1.43055,1.56555,0.054609,0,24.0996,999.9,57.368,27.704,26.0786,48.24,30.5088,0.5,0.246766,-0.460289,20.3207,5.25907,11.9393,4.9948,3.299,9999,999.9,9999,9999,2.55247,1.87424,1.87332,1.87789,1.87617,1.87754,1.87167,1.8782,0.179726,1.1658,0,0,11111010,oooooooo,off,off,on,off,0,100,100,3.389,0.028,3.020986125,0.000723023,-1.21E-08,-2.83E-11,-0.056552456,-0.013223211,0.001240205,-1.63E-05,2,2096,1,33,12,12.1,0.604248,2.54028,0.947266,2.10815,0.996094,2.29614,31.6736,24.035,18,222.426,276.811,26.0049,30.2332,30,30.6459,30.672,12.032,36.8356,54.5776,26.0068,418.577,19.3733,98.183,98.136
PHVU,Bean4,5,1711065670,2888.1,20240321 18:01:10,18:01:10,none,260,30,1.047001122,1.2375,0,11.10224153,0,0.397152438,1711065670,0.001908899,1.908899333,10.07278229,399.947,266.5355688,21.88427216,32.83820256,0.13165112,2.493354355,0.127907706,0.080269781,50.707605,25.12390959,25.12390959,3.203243025,62.10827342,2.016836622,3.2472914,1.186406403,-84.18246057,30.84849607,2.623330803,-0.0030287,27,10,1,0,39147.325,260.039,41.60624,0.16,0.195,9,0.5,0: Broadleaf,2,1711065670,399.947,435.384,24.5637,18.4745,396.52,24.5497,275.21,82.056,0.0503855,25.3534,24.9918,998.15,0,-1.75,8945.62,260.039,3.9283,-35.4879,410.011,443.579,6.19641,435.384,18.4745,2.0244,1.51594,17.6364,13.1299,1711065702,18:01:42,1711065693,1711065702,43,0.025,0,3.427,0.014,435,18,0.09,0.02,435.2798,0.137241456,0.163969896,1,399.9311667,0.024606835,0.058932212,1,24.67950833,-0.006017171,0.003587306,1,3,3,03-mar,2.27048,2.68046,0.0756703,0.0809828,0.0960421,0.0769656,26888.3,24445.9,28477.4,25466.9,34749.4,32218.5,41757.5,37516,1.4317,1.56307,0.0500157,0,24.1706,999.9,54.584,27.744,24.8679,48.63,29.8037,0.5,0.251382,-0.245302,20.3213,5.25862,11.9388,4.99485,3.29893,9999,999.9,9999,9999,2.54034,1.87424,1.87332,1.87788,1.87622,1.87759,1.87173,1.87821,0.389171,1.1658,0,0,11111010,oooooooo,off,off,on,off,0,100,100,3.427,0.014,3.093391302,0.000723023,-1.21E-08,-2.83E-11,-0.06091008,-0.013223211,0.001240205,-1.63E-05,2,2096,1,33,10.2,10.1,0.629883,2.53296,0.947266,2.10815,0.996094,2.30347,31.6736,24.035,18,222.939,275.882,25.7896,30.2831,30.0001,30.6878,30.7118,12.5403,36.8998,43.7584,25.7894,435.593,18.3192,98.1716,98.1255
PHVU,Bean4,6,1711066078,3296.1,20240321 18:07:58,18:07:58,none,400,30,1.044970747,1.2375,0,11.02294242,0,0.614369264,1711066078,0.002161527,2.161527269,12.94014256,399.746,247.4520148,20.31897582,32.82426015,0.147275304,2.518422727,0.142652488,0.089561059,78.049725,25.21406393,25.21406393,3.220484579,62.16227621,2.015951156,3.24304591,1.204533422,-95.32335256,15.93109421,1.341741513,-0.000791836,25,5,1,0,39711.2134,400.255,64.0408,0.16,0.195,9,0.5,0: Broadleaf,2,1711066078,399.746,422.334,24.551,21.1009,396.463,24.484,550.017,82.0634,0.049392,25.3314,24.9941,998.15,0,-1.75,9075,400.255,3.92686,-22.4683,409.952,431.437,3.50369,422.334,21.1009,2.01913,1.73161,17.5952,15.1827,1711066111,18:08:31,1711066111,1711066098,44,-0.135,0.008,3.283,0.067,423,21,0.09,0.02,422.9544167,0.185859961,0.371547991,1,400.0023833,0.191454849,0.177329551,1,24.60938,-0.05512798,0.019738218,1,3,3,03-mar,3.05838,2.68368,0.0756764,0.0791798,0.0958792,0.084645,26889.2,24494,28478.4,25467,34757.1,31949.6,41759.3,37515.3,2.06873,2.20645,0.0456907,0,24.244,999.9,56.361,27.744,25.6753,48.12,15.6931,2,0.24968,-0.0972958,20.3212,5.25907,11.9406,4.99535,3.299,9999,999.9,9999,9999,2.53614,1.87428,1.87333,1.8779,1.87622,1.87759,1.8718,1.87822,0.603517,1.1658,0,0,11111010,oooooooo,off,off,on,off,0,100,100,3.283,0.067,3.118786719,0.000723023,-1.21E-08,-2.83E-11,-0.060439135,-0.013223211,0.001240205,-1.63E-05,2,2096,1,33,6.4,6.3,0.78125,2.53784,2.04834,2.73682,2.24365,2.30469,31.9146,24.0262,18,530.834,703.465,25.5949,30.2712,30.0001,30.6452,30.6555,15.5811,22.7646,45.0495,25.6013,422.7,21.086,98.1755,98.1247
PHVU,Bean4,7,1711066449,3667.1,20240321 18:14:09,18:14:09,none,700,30,1.03886661,1.2375,0,10.73859029,0,1.088222221,1711066449,0.002394029,2.394029293,15.91854878,400.003,230.2905482,18.9117608,32.84876916,0.161995985,2.513542128,0.156411251,0.098242758,136.53432,25.44758068,25.44758068,3.265521024,63.54520477,2.049246883,3.224864709,1.216274141,-105.5766918,-28.54935642,-2.41082483,-0.002553081,15,2,1,0,39614.6408,700.176,112.02816,0.16,0.195,9,0.5,0: Broadleaf,2,1711066449,400.003,421.7,24.9539,21.9528,396.691,24.8719,700.03,82.0713,0.050007,25.2369,24.9919,998.15,0,-1.75,9048.75,700.176,3.92686,-21.7427,410.216,431.165,3.05464,421.7,21.9528,2.05239,1.80169,17.8544,15.8015,1711066471,18:14:31,1711066469,1711066471,45,0.03,0.001,3.312,0.082,422,22,0.15,0.04,421.5292295,0.182731888,0.420187249,1,399.9445246,0.169707033,0.271103066,1,25.02114262,-0.008413644,0.011289477,1,3,3,03-mar,3.3768,2.68613,0.0757263,0.079112,0.0969603,0.0870643,26888.3,24497,28479,25468.2,34716.2,31866.7,41760.4,37517.1,2.32978,1.94208,0.048656,0,24.193,999.9,57.197,27.704,25.9949,47.94,27.9447,2,0.248478,0.170934,20.321,5.25907,11.9393,4.9952,3.299,9999,999.9,9999,9999,2.52069,1.87429,1.87337,1.8779,1.87622,1.8776,1.8718,1.87822,1.07677,1.1658,0,0,11111010,oooooooo,off,off,on,off,0,100,100,3.312,0.082,2.983411558,0.000723023,-1.21E-08,-2.83E-11,-0.05249362,-0.013223211,0.001240205,-1.63E-05,2,2096,1,33,5.6,5.8,0.76416,2.53906,2.04834,2.73682,2.24365,2.30713,32.1124,24.0262,18,724.353,489.294,25.1422,30.2568,29.9999,30.6107,30.6137,15.249,20.5203,47.7929,25.1464,421.591,21.9433,98.178,98.1293
PHVU,Bean4,8,1711066773,3991.1,20240321 18:19:33,18:19:33,none,1000,30,1.032606116,1.2375,0,9.648135978,0,1.574240758,1711066773,0.00253898,2.538980027,16.92660252,399.957,231.6440711,19.02314694,32.84539398,0.174064724,2.513920979,0.167635563,0.105330077,195.14235,25.66101633,25.66101633,3.307164899,65.8071235,2.104335,3.197731321,1.2028299,-111.9690192,-76.7124804,-6.479275299,-0.018424889,15,2,1,0,39641.98818,1000.73,160.1168,0.16,0.195,9,0.5,0: Broadleaf,2,1711066773,399.957,423.025,25.6244,22.4437,396.679,25.5354,700.012,82.0722,0.0501131,25.095,24.9986,998.15,0,-1.75,9050.62,1000.73,3.92686,-23.0502,410.519,432.737,3.24002,423.025,22.4437,2.10792,1.84201,18.2792,16.1479,1711066799,18:19:59,1711066799,1711066797,46,-0.035,-0.002,3.278,0.089,424,22,0.13,0.04,422.9533443,-0.015677419,0.387301801,1,400.01,-0.176322581,0.261183435,1,25.69819672,0.0075211,0.013351195,1,3,3,03-mar,3.37662,2.68624,0.0757208,0.0792959,0.0987562,0.0884234,26882.2,24486.6,28472.6,25462.8,34639.2,31812.9,41751.1,37509.8,2.32912,1.94058,0.0385605,0,24.3656,999.9,59.04,27.714,26.8489,48.24,27.8285,2,0.259372,0.888826,20.3179,5.25892,11.9394,4.9951,3.299,9999,999.9,9999,9999,2.45516,1.87435,1.87346,1.87792,1.87623,1.87765,1.8718,1.87833,1.57288,1.1658,0,0,11111010,oooooooo,off,off,on,off,0,100,100,3.278,0.089,3.013019259,0.000723023,-1.21E-08,-2.83E-11,-0.051861749,-0.013223211,0.001240205,-1.63E-05,2,2096,1,33,5.1,5,0.754395,2.5354,2.04712,2.73804,2.24365,2.33154,32.3328,24.0262,18,724.392,488.655,24.4186,30.3712,30.0006,30.6592,30.6613,15.0494,22.7385,53.8216,24.4091,422.838,22.4111,98.1559,98.1096
PHVU,Bean4,9,1711067120,4338.1,20240321 18:25:20,18:25:20,none,1500,30,1.024938446,1.2375,0,9.840044203,0,2.414053153,1711067120,0.002692401,2.692400625,18.23244997,400.227,227.7217806,18.70265184,32.87040097,0.183067836,2.511191524,0.175963599,0.110592566,292.7574,26.11201242,26.11201242,3.39668835,68.94791679,2.182720053,3.165751997,1.213968297,-118.7348676,-160.51219,-13.59120422,-0.080861759,15,2,1,0,39603.32884,1501.32,240.2112,0.16,0.195,9,0.5,0: Broadleaf,2,1711067120,400.227,425.053,26.5766,23.2071,396.891,26.4786,700.033,82.0796,0.049794,24.9264,24.98,998.15,0,-1.75,9035.62,1501.32,3.92686,-24.901,411.105,435.152,3.43523,425.053,23.2071,2.1868,1.90483,18.8659,16.6747,1711067149,18:25:49,1711067149,1711067144,47,0.058,-0.005,3.336,0.098,424,23,0.09,0.03,424.1879667,-0.107013059,0.45365284,1,400.0048167,-0.014145596,0.225289332,1,26.656995,-0.068163768,0.021911743,1,3,3,03-mar,3.37622,2.68585,0.0757127,0.0795436,0.101235,0.0904783,26865.7,24462.5,28455.8,25445.6,34522.2,31720.9,41724.6,37486.2,2.32523,1.9352,0.0496283,0,24.1652,999.9,60.75,27.805,27.7692,48.87,27.7123,2,0.288598,1.22979,20.315,5.25922,11.9394,4.99475,3.299,9999,999.9,9999,9999,2.46748,1.8743,1.87333,1.8779,1.87622,1.87759,1.87178,1.8782,2.43249,1.1658,0,0,11111010,oooooooo,off,off,on,off,0,100,100,3.336,0.098,2.97829335,0.000723023,-1.21E-08,-2.83E-11,-0.053589488,-0.013223211,0.001240205,-1.63E-05,2,2096,1,33,5.3,5.4,0.740967,2.53174,2.04834,2.73682,2.24365,2.33276,32.5761,24.0262,18,724.422,487.203,23.6476,30.7119,30.0001,30.9338,30.9306,14.755,22.7773,58.8914,23.6596,423.495,23.2162,98.0955,98.0461
PHVU,Bean4,10,1711067452,4670.1,20240321 18:30:52,18:30:52,none,2000,30,1.021131487,1.2375,0,9.365547553,0,3.295972225,1711067452,0.002743427,2.743427163,18.13597469,400.087,232.7737142,19.11855843,32.86061191,0.18819272,2.512004174,0.18069624,0.113583797,390.3627,26.65666684,26.65666684,3.507618703,73.25829509,2.30474458,3.146052712,1.202874123,-120.9851379,-248.4908223,-21.08055725,-0.193817437,14,2,1,0,39635.48511,2001.86,320.2976,0.16,0.195,9,0.5,0: Broadleaf,2,1711067452,400.087,424.816,28.0609,24.6326,396.771,27.9339,699.997,82.0838,0.0498657,24.8218,24.9979,998.15,0,-1.75,9039.38,2001.86,3.92686,-24.7249,411.667,435.544,3.48695,424.816,24.6326,2.30816,2.02194,19.7334,17.6172,1711067484,18:31:24,1711067484,1711067482,48,-0.021,0.004,3.316,0.127,425,25,0.1,0.03,424.6141311,-0.066155473,0.151016064,1,399.9782459,-0.099360127,0.105151671,1,28.10024918,0.001508091,0.013265222,1,3,3,03-mar,3.37613,2.68594,0.0756921,0.079507,0.105056,0.0943152,26866,24462.4,28455.6,25444.5,34373.8,31586.7,41723.6,37485.8,2.32527,1.93695,0.0709333,0,23.833,999.9,62.978,27.835,28.8393,48.2099,27.5841,2,0.291179,1.71279,20.3096,5.25892,11.9399,4.9943,3.299,9999,999.9,9999,9999,2.43634,1.87431,1.87337,1.87791,1.87622,1.8776,1.8718,1.8782,3.34461,1.1658,0,0,11111010,oooooooo,off,off,on,off,0,100,100,3.316,0.127,3.036645231,0.000723023,-1.21E-08,-2.83E-11,-0.058152318,-0.013223211,0.001240205,-1.63E-05,2,2096,1,33,5,5.1,0.734863,2.53296,2.04834,2.73682,2.24365,2.33887,32.6648,24.0262,18,725.536,489.198,22.9062,30.7292,29.9999,31.0234,31.0219,14.6586,21.4726,71.5072,22.9157,424.382,24.5541,98.0936,98.0436
PHVU,Bean6,1,1711119105,0,20240322 08:51:45,8:51:45,none,0,30,1.052300634,1.2375,0,10.26024691,0,1.29E-15,1711119105,0.001216478,1.216477574,-1.593833978,399.932,422.6081528,34.89496754,33.02258621,0.078300162,2.513879854,0.076970093,0.048223928,-0.028455765,24.81844658,24.81844658,3.14542294,58.48649085,1.880146856,3.214668599,1.265276084,-53.64666103,49.50217196,4.165283755,-0.007661073,16,6,1,0,39632.70203,-0.145927,-0.02334832,0.16,0.195,9,0.5,0: Broadleaf,2,1711119105,399.932,396.309,22.7702,18.8807,396.671,22.7392,275.074,82.5204,0.0501025,25.1837,25.0203,998.15,0,-1.75,9001.25,-0.145927,3.92686,3.66071,409.316,403.935,3.95327,396.309,18.8807,1.88427,1.55804,16.504,13.55,1711119129,8:52:09,1711119128,1711119129,49,-0.035,0,3.261,0.031,397,19,0.56,0.03,396.1563167,-0.099379272,0.112197815,1,400.03515,-0.050088914,0.042462071,1,22.78483167,0.096350264,0.028964395,1,3,3,03-mar,2.26867,2.68044,0.0759203,0.0756327,0.0912851,0.0784355,26830.3,24522.5,28426.3,25401.8,34866.6,32083.5,41676.1,37419.9,1.45445,1.55087,0.0195727,0,24.6991,999.9,49.622,28.661,23.7139,49.1635,27.0753,0.5,0.333247,0.674798,20.3185,5.25623,11.9403,4.9947,3.299,9999,999.9,9999,9999,2.49324,1.87424,1.87332,1.87786,1.87621,1.87754,1.87172,1.8782,0,1.1658,0,0,11111010,oooooooo,off,off,on,off,0,100,100,3.261,0.031,3.015636261,0.000723023,-1.21E-08,-2.83E-11,-0.054537193,-0.013223211,0.001240205,-1.63E-05,2,2096,1,33,860.3,860.4,0.689697,2.54883,0.947266,2.10938,0.996094,2.28516,32.4875,24.035,18,233.555,274.414,25.2991,31.2689,30.0003,31.5966,31.613,13.7432,48.344,0,25.278,396.209,19.1195,97.9863,97.8745
PHVU,Bean6,2,1711119732,627,20240322 09:02:12,9:02:12,none,40,30,1.008188741,1.2375,0,10.35244047,0,0.060586127,1711119732,0.000488846,0.488846351,0.972471563,400.038,342.8696679,28.31596421,33.03722304,0.032497786,2.512501276,0.032266062,0.02018697,7.8028665,24.96924073,24.96924073,3.173851241,61.45928347,1.961547438,3.191621066,1.212303803,-21.5581241,12.68651976,1.068234203,-0.000503633,17,6,1,0,39617.95563,40.0147,6.402352,0.16,0.195,9,0.5,0: Broadleaf,2,1711119732,400.038,403.86,23.7518,22.1902,396.788,23.6688,275.046,82.5353,0.049912,25.0629,24.9851,998.15,0,-1.75,8992.5,40.0147,3.92686,-3.80927,409.796,413.026,1.59045,403.86,22.1902,1.96274,1.83147,17.1469,16.058,1711119756,9:02:36,1711119753,1711119756,50,-0.016,-0.001,3.25,0.083,404,22,0.58,0.09,403.8958333,-0.005724924,0.310509107,1,399.985,0.006815226,0.105148149,1,23.77816667,0.008755099,0.003564064,1,3,3,03-mar,2.26799,2.68021,0.0758826,0.0766998,0.0938406,0.0879187,26815.2,24475.6,28410.1,25383.6,34747.4,31732.5,41650.5,37395.8,1.44972,1.5467,0.0170395,0,24.7054,999.9,53.602,28.873,25.9294,48.7135,27.7564,0.5,0.36341,0.625678,20.3188,5.25787,11.9435,4.99505,3.299,9999,999.9,9999,9999,2.49868,1.87424,1.87332,1.8779,1.87622,1.87759,1.87177,1.8782,0.061743,1.1658,0,0,11111010,oooooooo,off,off,on,off,0,100,100,3.25,0.083,2.980470613,0.000723023,-1.21E-08,-2.83E-11,-0.054244586,-0.013223211,0.001240205,-1.63E-05,2,2096,1,33,10.1,10.1,0.688477,2.54639,0.947266,2.10449,0.996094,2.31689,32.7535,24.035,18,233.055,274.239,25.1972,31.6437,30.0004,31.9868,32.0025,13.7359,39.8391,26.5971,25.2023,403.84,22.1163,97.9281,97.8087
PHVU,Bean6,3,1711120598,1493,20240322 09:16:38,9:16:38,none,80,30,1.034171838,1.2375,0,11.41194476,0,0.121356678,1711120598,0.001139227,1.139226836,2.899304568,400.078,331.2372735,27.35484768,33.03997958,0.078206275,2.515134026,0.076880014,0.048167295,15.5885535,25.03342546,25.03342546,3.186019557,61.92108316,2.000701007,3.231049756,1.18531855,-50.23990345,31.95650295,2.691654726,-0.00319228,16,6,1,0,39649.56055,79.9413,12.790608,0.16,0.195,9,0.5,0: Broadleaf,2,1711120598,400.078,411.056,24.2263,20.589,396.712,24.1773,275.057,82.534,0.0498451,25.2691,24.9936,998.15,0,-1.75,9006.25,79.9413,3.92686,-11.0971,409.919,419.697,3.70822,411.056,20.589,2.00534,1.69929,17.4866,14.8899,1711120626,9:17:06,1711120626,1711120622,51,0.111,-0.005,3.366,0.049,412,21,0.23,0.01,411.15025,0.087375938,0.175595333,1,399.9734167,0.018940261,0.044808218,1,24.27919333,0.006429453,0.009637511,1,3,3,03-mar,2.26887,2.68021,0.0759504,0.0778041,0.095344,0.0834512,26845.7,24480.2,28443,25417.1,34730.6,31928.6,41701,37442.8,1.4548,1.55222,0.0566691,0,24.0631,999.9,52.936,28.802,25.5,48.5035,27.4679,0.5,0.313905,-0.297538,20.3206,5.25832,11.9399,4.9953,3.299,9999,999.9,9999,9999,2.55631,1.8743,1.87332,1.8779,1.87622,1.87759,1.87178,1.8782,0.120275,1.1658,0,0,11111010,oooooooo,off,off,on,off,0,100,100,3.366,0.049,2.963946687,0.000723023,-1.21E-08,-2.83E-11,-0.05550552,-0.013223211,0.001240205,-1.63E-05,2,2096,1,33,14.1,14,0.684814,2.55005,0.947266,2.10571,0.996094,2.31323,32.3549,24.035,18,233.65,275.056,25.8665,31.0652,29.9998,31.5867,31.6213,13.6432,47.0196,31.9138,25.869,411.259,20.4915,98.0445,97.9338
PHVU,Bean6,4,1711121384,2279,20240322 09:29:44,9:29:44,none,120,30,1.045400092,1.2375,0,10.54624816,0,0.182313345,1711121384,0.001994114,1.994113541,4.841910591,400.025,333.6062005,27.54849329,33.03321705,0.137754249,2.512948922,0.133692422,0.083912726,23.399025,24.83168277,24.83168277,3.147909338,60.47675989,1.954255112,3.231415036,1.193654226,-87.94040718,59.51786404,5.012430473,-0.011087661,16,6,1,0,39600.2938,119.995,19.1992,0.16,0.195,9,0.5,0: Broadleaf,2,1711121384,400.025,418.478,23.6656,17.2952,396.6,23.6696,275.058,82.5279,0.0499815,25.271,25.0101,998.15,0,-1.75,8995.62,119.995,3.92686,-18.5201,409.698,425.843,6.48023,418.478,17.2952,1.96213,1.42733,17.142,12.2112,1711121414,9:30:14,1711121405,1711121414,52,0.054,-0.002,3.425,-0.004,418,17,0.13,0.02,418.484,0.071149656,0.125329598,1,399.969,0.077606557,0.043079035,1,23.81477377,-0.09786092,0.029314842,1,3,3,03-mar,2.26952,2.6803,0.0760222,0.0789424,0.0940317,0.0737238,26859,24470.9,28458.1,25437.6,34801.1,32292.4,41725.7,37470.9,1.4601,1.55565,0.0366047,0,24.4093,999.9,51.172,28.591,24.3525,48.7435,27.8365,0.5,0.28061,0.0834722,20.3213,5.25847,11.9433,4.9952,3.299,9999,999.9,9999,9999,2.50988,1.87424,1.87331,1.87784,1.87615,1.8775,1.87169,1.87819,0.179107,1.1658,0,0,11111010,oooooooo,off,off,on,off,0,100,100,3.425,-0.004,3.07450515,0.000723023,-1.21E-08,-2.83E-11,-0.06029462,-0.013223211,0.001240205,-1.63E-05,2,2096,1,33,12.6,12.7,0.681152,2.54395,0.947266,2.10693,0.996094,2.24487,32.1124,24.035,18,233.987,274.331,25.6511,30.643,30.0001,31.0819,31.1081,13.566,63.8549,19.0875,25.652,418.373,17.2082,98.1001,98.0097
PHVU,Bean6,5,1711122016,2911,20240322 09:40:16,9:40:16,none,260,30,1.053128829,1.2375,0,10.15336318,0,0.397152438,1711122016,0.002378072,2.378072479,10.38777673,400.033,287.76802,23.76048711,33.03000431,0.164677145,2.508516561,0.15889844,0.099813825,50.672505,24.85395585,24.85395585,3.152097177,60.65851766,1.954595688,3.222293857,1.197501488,-104.8729963,49.97683502,4.215812185,-0.007844143,16,3,1,0,39507.18015,259.859,41.57744,0.16,0.195,9,0.5,0: Broadleaf,2,1711122016,400.033,418.588,23.6725,19.8732,396.682,23.6265,549.996,82.5184,0.0497989,25.2235,25.0008,998.15,0,-1.75,8973.75,259.859,3.86911,-18.494,409.819,427.075,3.85656,418.588,19.8732,1.95814,1.6399,17.1099,14.339,1711122050,9:40:50,1711122035,1711122050,53,-0.074,0.009,3.351,0.046,418,20,0.14,0.02,418.2473607,0.118315177,0.248860751,1,400.0103607,-0.107397144,0.114977978,1,23.72665082,0.00654257,0.009616629,1,3,3,03-mar,3.05727,2.6836,0.0759861,0.0789337,0.0938561,0.0814236,26842.8,24452.3,28440.9,25419.1,34786.8,32001.7,41699.7,37445.5,2.07853,2.19132,0.0164881,0,24.7303,999.9,54.175,28.661,25.8914,48.2935,13.6338,2,0.31091,0.524627,20.3195,5.25817,11.9418,4.99465,3.299,9999,999.9,9999,9999,2.48684,1.87425,1.87332,1.8779,1.87622,1.87759,1.8718,1.8782,0.38775,1.1658,0,0,11111010,oooooooo,off,off,on,off,0,100,100,3.351,0.046,3.128835873,0.000723023,-1.21E-08,-2.83E-11,-0.062118302,-0.013223211,0.001240205,-1.63E-05,2,2096,1,33,10.2,10,0.906982,2.5354,2.04712,2.73804,2.24365,2.31201,32.7758,24.0262,18,542.809,697.263,25.3185,31.0018,30.0004,31.2835,31.2867,18.0847,50.6477,13.8741,25.3213,417.783,19.7841,98.0398,97.9412
PHVU,Bean6,6,1711122519,3414,20240322 09:48:39,9:48:39,none,700,30,0.600774884,1.2375,0,9.952277947,0,1.088222221,1711122519,0.002943698,2.943697543,14.8538546,399.844,271.778988,22.44070007,33.01498525,0.20559609,2.517243054,0.19670199,0.123705779,78.029835,24.89864614,24.89864614,3.160514645,60.8266281,1.963176362,3.22749497,1.197338282,-129.8170616,47.76351957,4.016590342,-0.007116727,17,3,1,0,39699.17586,400.153,64.02448,0.16,0.195,9,0.5,0: Broadleaf,2,1711122519,399.844,425.901,23.776,19.105,396.464,23.748,553.701,82.5194,0.0502653,25.2506,24.9977,998.15,0,-1.75,9018.75,400.153,3.86911,-26.0987,409.576,434.196,4.75756,425.901,19.105,1.96912,1.57653,17.1982,13.7313,1711122549,9:49:09,1711122549,1711122543,54,0.024,-0.006,3.38,0.028,427,19,0.08,0.01,425.8514,-0.062964157,0.282327245,1,399.9526333,0.181680467,0.216445064,1,23.87382,-0.029623229,0.011097189,1,3,3,03-mar,3.06519,2.68433,0.0758991,0.0799145,0.0941331,0.0791072,26829.5,24410.1,28424.9,25403.2,34755.9,32063.4,41674.8,37423.6,2.07905,2.18115,0.0117421,0,24.805,999.9,53.638,28.832,25.8886,48.7135,22.9607,2,0.337175,0.752756,20.3172,5.25757,11.9415,4.99425,3.29878,9999,999.9,9999,9999,2.47452,1.87425,1.87333,1.8779,1.87622,1.87758,1.8718,1.87821,1.052559434,1.1658,0,0,11111010,oooooooo,off,off,on,off,0,100,100,3.38,0.028,3.054564225,0.000723023,-1.21E-08,-2.83E-11,-0.053006811,-0.013223211,0.001240205,-1.63E-05,2,2096,1,33,8.1,7.8,0.894775,2.53418,2.04712,2.73926,2.24365,2.31689,33.1769,24.0175,18,545.797,691.576,25.1528,31.3148,30.0003,31.58,31.581,17.8635,63.8289,5.68956,25.155,425.929,19.0029,97.9826,97.8823
PHVU,Bean6,7,1711122885,3780,20240322 09:54:45,9:54:45,none,700,30,1.044474792,1.2375,0,10.34459627,0,1.088222221,1711122885,0.003454559,3.454559183,19.30106977,399.675,258.7997778,21.37100423,33.00410916,0.242771739,2.510397508,0.230442068,0.145081864,136.5663,25.15198945,25.15198945,3.208604484,62.23826564,2.009800989,3.229204683,1.198803495,-152.34606,14.55053721,1.228558303,-0.000664468,5,1,1,0,39544.63244,700.34,112.0544,0.16,0.195,9,0.5,0: Broadleaf,2,1711122885,399.675,426.266,24.3384,20.0049,396.352,24.2944,699.996,82.5273,0.050067,25.2595,24.9697,998.15,0,-1.75,8982.5,700.34,3.81136,-26.5523,409.716,434.967,4.40845,426.266,20.0049,2.01477,1.65095,17.5609,14.4427,1711122909,9:55:09,1711122909,1711122909,55,-0.058,0.003,3.323,0.044,427,20,0.1,0.01,426.14855,0.17222284,0.20876202,1,399.9256833,0.006390108,0.124454609,1,24.48870167,-0.055804001,0.024598093,1,3,3,03-mar,3.37516,2.68587,0.0758596,0.0799464,0.0956236,0.0817271,26824.8,24402.4,28419.2,25396.5,34690.5,31965,41664.9,37415.4,2.32785,1.91742,0.0156052,0,24.7136,999.9,53.119,28.993,25.8757,48.3236,25.7292,2,0.349977,0.696776,20.3182,5.25862,11.9421,4.99405,3.299,9999,999.9,9999,9999,2.49822,1.87429,1.87342,1.87791,1.87622,1.87759,1.8718,1.87825,1.07218,1.1658,0,0,11111010,oooooooo,off,off,on,off,0,100,100,3.323,0.044,3.078151483,0.000723023,-1.21E-08,-2.83E-11,-0.058527717,-0.013223211,0.001240205,-1.63E-05,2,2096,1,33,5.6,5.7,0.874023,2.5354,2.04834,2.73804,2.24365,2.31567,33.4008,24.0262,18,736.499,481.743,24.986,31.4855,30,31.7561,31.7542,17.4404,61.0277,2.83106,25.0072,426.281,19.8622,97.9608,97.8592
PHVU,Bean6,8,1711123211,4106,20240322 10:00:11,10:00:11,none,1000,30,1.038265189,1.2375,0,10.499723,0,1.574240758,1711123211,0.003825206,3.825205622,20.68722847,400.176,263.4031675,21.74668373,33.03871016,0.269918763,2.513794927,0.254789111,0.160531821,195.0312,25.55661679,25.55661679,3.286737686,64.19520924,2.087582228,3.25192838,1.199155458,-168.6915679,-24.28812454,-2.053356608,-0.00184906,4,1,1,0,39604.9993,1000.16,160.0256,0.16,0.195,9,0.5,0: Broadleaf,2,1711123211,400.176,428.741,25.2855,20.4919,396.849,25.2335,700.024,82.5106,0.0498488,25.3774,24.9839,998.15,0,-1.75,9001.88,1000.16,3.81136,-28.5876,410.571,437.711,4.88052,428.741,20.4919,2.09349,1.6908,18.1697,14.8122,1711123240,10:00:40,1711123235,1711123240,56,0.003,0,3.327,0.052,429,20,0.09,0.03,428.7639016,0.13119725,0.548901816,1,399.9799836,-0.143466949,0.289554462,1,25.39075246,-0.020882919,0.010875911,1,3,3,03-mar,3.37547,2.68575,0.075942,0.0803035,0.0982067,0.0831399,26834.1,24404.9,28431,25408.4,34605.8,31930.6,41683.2,37432.5,2.33105,1.92015,0.043653,0,24.2672,999.9,51.575,29.064,25.2318,47.6936,25.7171,2,0.332812,0.548668,20.3187,5.25892,11.9408,4.9942,3.299,9999,999.9,9999,9999,2.50722,1.87427,1.87338,1.87793,1.87622,1.87759,1.8718,1.87822,1.560692647,1.1658,0,0,11111010,oooooooo,off,off,on,off,0,100,100,3.327,0.052,3.020783969,0.000723023,-1.21E-08,-2.83E-11,-0.055762659,-0.013223211,0.001240205,-1.63E-05,2,2096,1,33,5,5,0.853271,2.53418,2.04834,2.73682,2.24365,2.32056,33.3335,24.0262,18,738.182,482.927,24.9141,31.2848,29.9998,31.6692,31.6687,17.0253,51.1139,1.94915,24.9243,428.415,20.4389,98.0029,97.9045
PHVU,Bean6,9,1711123551,4446,20240322 10:05:51,10:05:51,none,1500,30,1.030118845,1.2375,0,10.10630605,0,2.414053153,1711123551,0.004227605,4.227605144,22.02372687,399.693,266.3105846,21.98395692,32.99468441,0.296760435,2.518765971,0.278614357,0.175671785,292.62675,26.08821097,26.08821097,3.391911368,67.1281007,2.181608437,3.249918312,1.210302931,-186.4373869,-97.93447218,-8.284869722,-0.029978773,5,1,1,0,39717.65346,1500.65,240.104,0.16,0.195,9,0.5,0: Broadleaf,2,1711123551,399.693,428.15,26.4277,21.4885,396.262,26.3587,749.978,82.5,0.0500682,25.367,24.9943,998.15,0,-1.75,9028.75,1500.65,3.81136,-28.5811,410.453,437.552,5.02938,428.15,21.4885,2.18773,1.7728,18.8727,15.549,1711123591,10:06:31,1711123591,1711123579,57,0.103,-0.001,3.431,0.069,430,21,0.21,0.01,428.4266833,0.04276688,0.319010684,1,399.9867333,0.12891581,0.146148539,1,26.54048667,-0.016361545,0.009365922,1,3,3,03-mar,3.46905,2.68675,0.0759039,0.0802699,0.101297,0.0860297,26850.3,24421.7,28446.2,25424,34506.3,31847.9,41707.6,37453.3,2.39902,1.82405,0.0536442,0,24.1135,999.9,51.233,29.084,25.0958,48.2636,29.0024,2,0.307787,0.722372,20.3187,5.25907,11.9441,4.99405,3.299,9999,999.9,9999,9999,2.48399,1.8743,1.87333,1.8779,1.87622,1.87759,1.87179,1.8782,2.4184,1.1658,0,0,11111010,oooooooo,off,off,on,off,0,100,100,3.431,0.069,3.024002402,0.000723023,-1.21E-08,-2.83E-11,-0.055974376,-0.013223211,0.001240205,-1.63E-05,2,2096,1,33,5.3,5.2,0.830078,2.53784,2.04834,2.73315,2.24365,2.323,33.1769,24.0262,18,794.584,417.893,24.4627,30.9803,29.9998,31.4079,31.4054,16.5565,38.3323,12.4651,24.4669,428.657,21.4328,98.0582,97.9611
PHVU,Bean6,10,1711123991,4886,20240322 10:13:11,10:13:11,none,2000,30,1.027140065,1.2375,0,9.656430179,0,3.295972225,1711123991,0.004525191,4.525191238,23.17702283,399.809,268.3227664,22.15426063,33.01051531,0.318346782,2.527178489,0.297628315,0.18776669,390.2106,26.69243267,26.69243267,3.515012573,70.74551481,2.30390541,3.256609859,1.211107163,-199.5609336,-175.8698159,-14.87602996,-0.096179409,8,1,1,0,39901.56135,2001.08,320.1728,0.16,0.195,9,0.5,0: Broadleaf,2,1711123991,399.809,428.824,27.9039,22.7957,396.473,27.8109,775.034,82.5153,0.0504134,25.4016,24.9958,998.15,0,-1.75,9070.62,2001.08,3.86911,-28.9416,411.4,438.828,5.2002,428.824,22.7957,2.31009,1.881,19.747,16.4766,1711124021,10:13:41,1711124015,1711124021,58,-0.093,0.001,3.336,0.093,428,23,0.07,0.02,428.5449667,-0.004978049,0.680019043,1,399.9750333,0.182343984,0.317174451,1,28.01243,-0.053616894,0.016748744,1,3,3,03-mar,3.51414,2.68763,0.0760292,0.0804635,0.105253,0.0897793,26862.9,24435.8,28462.4,25443,34372.9,31739.7,41732,37479.4,2.4331,1.7792,0.0691414,0,23.8603,999.9,53.748,29.014,26.2164,47.7836,30.3886,2,0.278516,1.04569,20.3172,5.25922,11.9433,4.9942,3.299,9999,999.9,9999,9999,2.4557,1.87425,1.87332,1.8779,1.87621,1.87758,1.87177,1.8782,3.32183,1.1658,0,0,11111010,oooooooo,off,off,on,off,0,100,100,3.336,0.093,3.126647507,0.000723023,-1.21E-08,-2.83E-11,-0.056548903,-0.013223211,0.001240205,-1.63E-05,2,2096,1,33,6.7,6.9,0.797119,2.53662,2.04834,2.73071,2.24365,2.32544,32.9537,24.0262,18,820.877,388.45,23.8948,30.6159,29.9998,31.0439,31.041,15.9018,35.0065,37.0767,23.8939,428.209,22.704,98.115,98.0313
