SysConst,AvgTime,Oxygen,,,,,,,,,,,,,,,,,,,,,,,,,,,,,,,,,,,,,,,,,,,,,,,,,,,,,,,,,,,,,,,,,,,,,,,,,,,,,,,,,,,,,,,,,,,,,,,,,,,,,,,,,,,,,,,,,,,,,,,,,,,,,,,,,,,,,,,,,,,,,,,,,,,,,,,,,,,,,,,,,,,,,,,,,,,,,,,,,,,,,,,,,,,,,,,,,,,,,,,,,,,,,,,,,,,,,,
,4,21,,,,,,,,,,,,,,,,,,,,,,,,,,,,,,,,,,,,,,,,,,,,,,,,,,,,,,,,,,,,,,,,,,,,,,,,,,,,,,,,,,,,,,,,,,,,,,,,,,,,,,,,,,,,,,,,,,,,,,,,,,,,,,,,,,,,,,,,,,,,,,,,,,,,,,,,,,,,,,,,,,,,,,,,,,,,,,,,,,,,,,,,,,,,,,,,,,,,,,,,,,,,,,,,,,,,,,
ChambConst,Chamber,Aperture,blc_a,blc_b,blc_c,blc_d,blc_e,blc_minS,blc_maxS,blc_Po,,,,,,,,,,,,,,,,,,,,,,,,,,,,,,,,,,,,,,,,,,,,,,,,,,,,,,,,,,,,,,,,,,,,,,,,,,,,,,,,,,,,,,,,,,,,,,,,,,,,,,,,,,,,,,,,,,,,,,,,,,,,,,,,,,,,,,,,,,,,,,,,,,,,,,,,,,,,,,,,,,,,,,,,,,,,,,,,,,,,,,,,,,,,,,,,,,,,,,,,,,,,,,
,6800-12A,1x3 SS,0.141,0.5263354,-0.0127376,0,-0.0110157,1,3,96.7,,,,,,,,,,,,,,,,,,,,,,,,,,,,,,,,,,,,,,,,,,,,,,,,,,,,,,,,,,,,,,,,,,,,,,,,,,,,,,,,,,,,,,,,,,,,,,,,,,,,,,,,,,,,,,,,,,,,,,,,,,,,,,,,,,,,,,,,,,,,,,,,,,,,,,,,,,,,,,,,,,,,,,,,,,,,,,,,,,,,,,,,,,,,,,,,,,,,,,,,,,,,,,
LTConst,deltaTw,fT1,fT2,fTeb,,,,,,,,,,,,,,,,,,,,,,,,,,,,,,,,,,,,,,,,,,,,,,,,,,,,,,,,,,,,,,,,,,,,,,,,,,,,,,,,,,,,,,,,,,,,,,,,,,,,,,,,,,,,,,,,,,,,,,,,,,,,,,,,,,,,,,,,,,,,,,,,,,,,,,,,,,,,,,,,,,,,,,,,,,,,,,,,,,,,,,,,,,,,,,,,,,,,,,,,,,,,,,,,,,,,
,0,0,0,1,,,,,,,,,,,,,,,,,,,,,,,,,,,,,,,,,,,,,,,,,,,,,,,,,,,,,,,,,,,,,,,,,,,,,,,,,,,,,,,,,,,,,,,,,,,,,,,,,,,,,,,,,,,,,,,,,,,,,,,,,,,,,,,,,,,,,,,,,,,,,,,,,,,,,,,,,,,,,,,,,,,,,,,,,,,,,,,,,,,,,,,,,,,,,,,,,,,,,,,,,,,,,,,,,,,,
LQConst,Leaf,Ambient,abs_ambient,abs_redLED,abs_greenLED,abs_blueLED,abs_whiteLED,abs_redFlr,abs_blueFlr,k_ambient,k_redLED,k_greenLED,k_blueLED,k_whiteLED,k_redFlr,k_blueFlr,,,,,,,,,,,,,,,,,,,,,,,,,,,,,,,,,,,,,,,,,,,,,,,,,,,,,,,,,,,,,,,,,,,,,,,,,,,,,,,,,,,,,,,,,,,,,,,,,,,,,,,,,,,,,,,,,,,,,,,,,,,,,,,,,,,,,,,,,,,,,,,,,,,,,,,,,,,,,,,,,,,,,,,,,,,,,,,,,,,,,,,,,,,,,,,,,,,,,,,,
,standard,Sun+Sky,0.8,0.84,0.7,0.87,0.75,0.84,0.87,0.1911,0.1512,0.161,0.2262,0.1575,0.1596,0.2175,,,,,,,,,,,,,,,,,,,,,,,,,,,,,,,,,,,,,,,,,,,,,,,,,,,,,,,,,,,,,,,,,,,,,,,,,,,,,,,,,,,,,,,,,,,,,,,,,,,,,,,,,,,,,,,,,,,,,,,,,,,,,,,,,,,,,,,,,,,,,,,,,,,,,,,,,,,,,,,,,,,,,,,,,,,,,,,,,,,,,,,,,,,,,,,,,,,,,,,,
QConst,fQ_Amb_in,fQ_Amb_out,fQ_HeadLS,fQ_ConsoleLS,fQ_Flr,,,,,,,,,,,,,,,,,,,,,,,,,,,,,,,,,,,,,,,,,,,,,,,,,,,,,,,,,,,,,,,,,,,,,,,,,,,,,,,,,,,,,,,,,,,,,,,,,,,,,,,,,,,,,,,,,,,,,,,,,,,,,,,,,,,,,,,,,,,,,,,,,,,,,,,,,,,,,,,,,,,,,,,,,,,,,,,,,,,,,,,,,,,,,,,,,,,,,,,,,,,,,,,,,,,
,1,0,0,0,0,,,,,,,,,,,,,,,,,,,,,,,,,,,,,,,,,,,,,,,,,,,,,,,,,,,,,,,,,,,,,,,,,,,,,,,,,,,,,,,,,,,,,,,,,,,,,,,,,,,,,,,,,,,,,,,,,,,,,,,,,,,,,,,,,,,,,,,,,,,,,,,,,,,,,,,,,,,,,,,,,,,,,,,,,,,,,,,,,,,,,,,,,,,,,,,,,,,,,,,,,,,,,,,,,,,
LeakConst,fan_a,fan_b,fan_c,fan_d,Fs_meas,Fs_true,leak_wt,,,,,,,,,,,,,,,,,,,,,,,,,,,,,,,,,,,,,,,,,,,,,,,,,,,,,,,,,,,,,,,,,,,,,,,,,,,,,,,,,,,,,,,,,,,,,,,,,,,,,,,,,,,,,,,,,,,,,,,,,,,,,,,,,,,,,,,,,,,,,,,,,,,,,,,,,,,,,,,,,,,,,,,,,,,,,,,,,,,,,,,,,,,,,,,,,,,,,,,,,,,,,,,,,
,-6276,6.6,0.00001709,3.11,3.30696 82.9597 391.283 644.075 882.388 1096.87 1261.83 1426.57,0.152013 102.969 402.534 601.446 801.226 1002.04 1200.63 1401.44,0,,,,,,,,,,,,,,,,,,,,,,,,,,,,,,,,,,,,,,,,,,,,,,,,,,,,,,,,,,,,,,,,,,,,,,,,,,,,,,,,,,,,,,,,,,,,,,,,,,,,,,,,,,,,,,,,,,,,,,,,,,,,,,,,,,,,,,,,,,,,,,,,,,,,,,,,,,,,,,,,,,,,,,,,,,,,,,,,,,,,,,,,,,,,,,,,,,,,,,,,,,,,,,,,,
SysObs,SysObs,SysObs,SysObs,SysObs,SysObs,UserDefCon,UserDefCon,UserDefVar,UserDefVar,UserDefVar,UserDefVar,UserDefVar,GasEx,GasEx,GasEx,GasEx,GasEx,GasEx,GasEx,GasEx,GasEx,GasEx,GasEx,GasEx,GasEx,GasEx,GasEx,GasEx,GasEx,GasEx,GasEx,GasEx,GasEx,GasEx,GasEx,GasEx,GasEx,GasEx,Dynamic,Dynamic,Dynamic,Dynamic,Dynamic,Dynamic,Dynamic,Dynamic,Dynamic,Dynamic,Leak,Leak,Leak,Leak,Leak,LeafQ,LeafQ,LeafQ,LeafQ,Const,Const,Const,Const,Const,Meas,Meas,Meas,Meas,Meas,Meas,Meas,Meas,Meas,Meas,Meas,Meas,Meas,Meas,Meas,Meas,Meas,Meas,Meas2,Meas2,Meas2,Meas2,Meas2,Meas2,Meas2,Meas2,Meas2,Meas2,MchEvent,MchEvent,MchEvent,MchEvent,MchEvent,MchEvent,MchEvent,MchEvent,MchEvent,MchEvent,MchEvent,MchEvent,MchEvent,Stability,Stability,Stability,Stability,Stability,Stability,Stability,Stability,Stability,Stability,Stability,Stability,Stability,Stability,Stability,Raw,Raw,Raw,Raw,Raw,Raw,Raw,Raw,Raw,Raw,Raw,Raw,Raw,Raw,Raw,Raw,Raw,Raw,Status2,Status2,Status2,Status2,Status2,Status2,Status2,Status2,Status2,Status2,Status2,Status2,Status2,Status2,Status2,Status2,Status2,Status2,Status2,Auxiliary,Auxiliary,Auxiliary,Auxiliary,Auxiliary,Auxiliary,Auxiliary,Auxiliary,Auxiliary,Auxiliary,Auxiliary,Auxiliary,Auxiliary,Auxiliary,Auxiliary,Auxiliary,Auxiliary,Auxiliary,Auxiliary,MchStatus,MchStatus,MchStatus,MchStatus,MchStatus,MchStatus,MchStatus,MchStatus,MchStatus,MchStatus,MchStatus,MchStatus,MchStatus,MchStatus,MchStatus,MchStatus,MchStatus,MchStatus,ConStatus,ConStatus,ConStatus,ConStatus,ConStatus,ConStatus,ConStatus,ConStatus,Status,Status,Status,Status,Status,Status,Status,Status,Status,Status,Status,Status,Status,Status,Status,Status
obs,time,elapsed,date,hhmmss,averaging,Lamp_Qamb_in_Factor,Lamp_T_Ctrl,Lamp_T_trinket_V_Ctrl,Lamp_T_DAC2_V_Ctrl,Lamp_T_TH-r,Lamp_PAR_Ctrl,Lamp_T,TIME,E,Emm,A,Ca,Ci,Pci,Pca,gsw,gbw,gtw,gtc,Rabs,TleafEB,TleafCnd,SVPleaf,RHcham,VPcham,SVPcham,VPDleaf,LatHFlux,SenHFlux,NetTherm,EBSum,Asty,Esty,Adyn,Crd,Csd,dCsd/dt,?Vc,Edyn,Hr,Hs,dHs/dt,?Vh,Leak,LeakPct,CorrFact,CorrFactPct,Fan,Qin,Qabs,alpha,convert,S,K,Geometry,Custom,UseDynamic,TIME,CO2_s,CO2_r,H2O_s,H2O_r,CO2_a,H2O_a,Flow,Pa,?Pcham,Tair,Tleaf,Tleaf2,Offset,Offset2,Fan_speed,Qamb_in,Qamb_out,?CO2,CO2_s_d,CO2_r_d,?H2O,CO2_b,H2O_b,e_s,e_r,Td_s,Td_r,time,hhmmss,co2_t,h2o_t,count,co2_adj,h2o_adj,co2_match,h2o_match,co2_at,h2o_at,co2_cv,h2o_cv,CO2_r:MN,CO2_r:SLP,CO2_r:SD,CO2_r:OK,CO2_s:MN,CO2_s:SLP,CO2_s:SD,CO2_s:OK,gsw:MN,gsw:SLP,gsw:SD,gsw:OK,Stable,Total,State,Vflow,VPchamber,abs_c_a,abs_c_b,abs_h_a,abs_h_b,Wc_s,Wc_r,Wco_s,Wco_r,Ww_s,Ww_r,Wwo_s,Wwo_r,Flow_s_v,Flow_r_v,Tleaf_mv,Tleaf2_mv,Tleaf_j,Tleaf2_j,Console_RH,Console_T,Console_H2O,Fan_%,Flow_%,Pump,Tchp_pwm,Txchg_pwm,diag_20v,diag_5_4v,diag_12v,diag_5va,diag_3_3vf,AccH2O_des,CO2_hrs,AccCO2_soda,AccH2O_hum,ADC_CH1,ADC_CH2,ADC_CH3,ADC_CH4,ADC_CH5,ADC_CH6,ADC_CH7,ADC_CH8,DAC_1,DAC_2,DAC_3,DAC_4,GPIO,GPIO_dir,excit_5v,power_12v,power_5v,ch1_pullup,AuxPower,MatchValveR,MatchValveS,MatchCO2,MatchH2O,cf_co2_a,cf_co2_b,cf_co2_c,cf_co2_d,cf_h2o_a,cf_h2o_b,cf_h2o_c,cf_h2o_d,co2_fit_low,co2_fit_high,h2o_fit_low,h2o_fit_high,co2_elapsed,h2o_elapsed,CO2_f,CO2_f_s,Pump_f,Pump_f_s,Pump_p,Pump_p_s,Tboard,V_system,DIAG,Flow_s,Flow_r,Txchg,Tirga,Tchopper,Ts,Tr,CO2_%,Desiccant_%,Humidifier_%,Txchg_sp,CO2_r_sp,H2O_r_sp,SS_s,SS_r
,s,s,,,s,,°C,V,V,kohms,µmol m-2 s-1,°C,s,mol m?² s?¹,mmol m?² s?¹,µmol m?² s?¹,µmol mol?¹,µmol mol?¹,Pa,Pa,mol m?² s?¹,mol m?² s?¹,mol m?² s?¹,mol m?² s?¹,W m?²,°C,°C,kPa,%,kPa,kPa,kPa,W m?²,W m?²,W m?²,W m?²,µmol m?² s?¹,mmol m?² s?¹,µmol m?² s?¹,µmol mol?¹,µmol mol?¹,µmol mol?¹ s?¹,cm³,mmol m?² s?¹,mmol mol?¹,mmol mol?¹,mmol mol?¹ s?¹,cm³,µmol s?¹,%,,%,µmol s?¹,µmol m?² s?¹,µmol m?² s?¹,,J/µmol,cm²,,,mol m?² s?¹,,s,µmol mol?¹,µmol mol?¹,mmol mol?¹,mmol mol?¹,µmol mol?¹,mmol mol?¹,µmol s?¹,kPa,kPa,°C,°C,°C,°C,°C,rpm,µmol m?² s?¹,µmol m?² s?¹,µmol mol?¹,µmol mol?¹,µmol mol?¹,mmol mol?¹,µmol mol?¹,mmol mol?¹,kPa,kPa,°C,°C,secs,,s,s,,µmol/mol,mmol/mol,µmol/mol,mmol/mol,µmol/mol,mmol/mol,%,%,µmol mol?¹,µmol mol?¹ min?¹,µmol mol?¹,,µmol mol?¹,µmol mol?¹ min?¹,µmol mol?¹,,mol m?² s?¹,mol m?² s?¹ min?¹,mol m?² s?¹,,,,,V,V,,,,,,,,,,,,,V,V,mV,mV,°C,°C,%,°C,mmol mol?¹,%,%,,V,V,V,V,V,V,V,mg,hrs,mg,mg,V,V,V,V,V,V,V,V,V,V,V,V,,,,,,,V,%,%,µmol/mol,mmol/mol,mmol/mol,,,,mmol/mol,,,,µmol mol?¹,µmol mol?¹,mmol mol?¹,mmol mol?¹,min,min,V,V,V,V,V,V,°C,V,,µmol s?¹,µmol s?¹,°C,°C,°C,°C,°C,%,%,%,°C,µmol mol?¹,mmol mol?¹,%,%
1,1648497774,0,20220328 14:02:54,14:02:54,5,1,30,1.2375,1.165834725,9.508138538,0,26.1535609,1648497766,-6.20657E-05,-0.062065666,-0.675960611,400.9432258,131.3564988,10.81801895,33.02015093,-0.004106839,2.647558449,-0.004110382,-0.00256867,-0.050627599,24.80398972,24.80398972,3.142709203,61.71508554,1.937507947,3.139439781,1.205201257,2.737095878,-2.488109929,-0.198375767,-1.74178E-05,-0.843962533,-0.059210232,-0.675960611,409.7121036,410.4587515,0.000784953,88.54033749,-0.062065666,23.58963787,23.52348022,4.61859E-06,104.7179606,0,0,1,0,39560.94932,-0.264927258,-0.211941806,0.8,0.1911,3,0.5,0: Broadleaf,2,VERDADERO,1648497766,400.9432258,399.996871,23.52595806,23.58901613,400.3902258,23.41995806,275.0667419,82.30613871,0.050037445,24.78655806,24.99152903,999.9,0,0,8996.270323,-0.264927258,0.235416226,0.836778194,410.4877419,409.6602903,-0.070627823,399.996871,23.58901613,1.935707419,1.94152129,16.92800968,16.97530968,1648497797,14:03:16,1648497796,1648497797,2,0.11,0.006,0.553,0.106,400,24,0.58,0.19,399.9992459,0.01394183,0.059319268,1,400.840377,-0.088093072,0.031642555,1,-0.004345783,0.000294946,0.000156434,1,3,3,3/3,2.26348,2.68022,0.0755662,0.0753011,0.0922028,0.0908475,26850.3,24308,28446.1,25180.8,34888.4,31432.5,41738.4,37165.1,1.4953,1.49248,-0.013005,0,25.2067,25.9035,51.111,31.28,28.4622,53.79,25.9415,0.5,0.629774,1.5905,20.3086,5.25712,11.9433,4.99315,3.299,9999,678.1,6362.6,9999,2.44594,2.92305,1.87393,1.87851,1.8768,1.87806,1.87233,1.87881,0,0.3762,0,0,11111100,oooooooo,off,off,on,off,0,100,100,0.553,0.106,0.157714809,0.000723023,-1.21059E-08,-2.82691E-11,-0.063168674,-0.013223211,0.001240205,-1.62673E-05,2,2096,1,33,9.5,9.5,0.778809,2.52808,0.947266,2.10815,0.994873,2.28149,34.7837,24.0262,18,260.55,263.587,24.4192,34.6925,29.9998,35.2818,35.3058,15.5409,30.7562,32.3048,24.4189,400,23.5823,98.1011,97.1331
2,1648498174,399.4000001,20220328 14:09:33,14:09:33,5,1,30,1.2375,1.165834725,9.522122537,39.99998,26.11982428,1648498166,0.000188372,0.188371911,0.130456267,399.6382258,373.7126274,30.77226817,32.9070354,0.012574694,2.64899619,0.012541626,0.00784148,7.762512823,24.90931618,24.90931618,3.162527261,62.09777041,1.964272801,3.163193763,1.19825446,-8.307201288,0.504443625,0.040244125,-7.15739E-07,0.276288265,0.192860726,0.130456267,409.6843035,409.4514727,0.008157918,88.42447544,0.188371911,23.64936353,23.85131868,-0.000110248,104.7970031,0,0,1,0,39574.17598,40.62016129,32.49612903,0.8,0.1911,3,0.5,0: Broadleaf,2,VERDADERO,1648498166,399.6382258,400.0236452,23.85503548,23.64969677,399.0872258,23.74803548,275.0480323,82.2921129,0.049948677,24.91284839,25.00361613,999.9,0,0,9004.758065,40.62016129,0.230992,-0.383671,409.4077097,409.7133226,0.208555806,400.0236452,23.64969677,1.963346452,1.946184194,17.15177742,17.01315806,1648498199,14:09:59,1648498199,1648498192,3,-0.002,0.001,0.551,0.107,400,24,0.8,0.4,400.0066721,0.02710312,0.078824087,1,399.6426721,0.000996298,0.033675754,1,0.011842215,0.004798492,0.00182835,1,3,3,3/3,2.26432,2.68043,0.0754479,0.0753714,0.0931423,0.0910648,26870.5,24324.6,28462.8,25198.8,34873.8,31446.6,41764.8,37190.2,1.498,1.49427,-0.00970066,0,25.163,25.764,50.891,31.431,28.5886,54.39,25.3726,0.5,0.600259,1.49831,20.3104,5.25832,11.9432,4.99315,3.299,9999,678.2,6367.2,9999,2.44687,2.92896,1.87393,1.8785,1.87677,1.87808,1.87225,1.87881,0.0355,0.3762,0,0,11111100,oooooooo,off,off,on,off,0,100,100,0.551,0.107,0.267829186,0.000723023,-1.21059E-08,-2.82691E-11,-0.057326615,-0.013223211,0.001240205,-1.62673E-05,2,2096,1,33,6.3,6.3,0.778809,2.5293,0.947266,2.10693,0.994873,2.33887,34.9214,24.0262,18,260.474,263.048,24.5619,34.3519,29.9993,34.9369,34.9623,15.5468,30.6824,32.3048,24.5765,400,23.6718,98.1614,97.2003
3,1648499051,1277,20220328 14:24:11,14:24:11,5,1,30,1.2375,1.165834725,9.113328037,79.99996,27.13039049,1648499043,0.0004052,0.405199715,2.116751158,397.7436333,266.0539001,21.90319356,32.74470244,0.027486974,2.648746254,0.027329487,0.017095003,17.82031706,24.90084894,24.90084894,3.160930052,62.5887265,1.978423369,3.160989972,1.182506683,-17.86930741,0.045370728,0.003619616,-5.79073E-09,1.941881178,0.384852604,2.116751158,409.6941856,407.5663879,-0.022181447,88.46005278,0.405199715,23.62156809,24.0528967,4.10246E-07,104.7725231,0,0,1,0,39570.37744,93.25126667,74.60101333,0.8,0.1911,3,0.5,0: Broadleaf,2,VERDADERO,1648499043,397.7436333,400.0286667,24.03153,23.62184667,397.2416333,23.92753,275.0446333,82.27618667,0.04996438,24.90116667,25.00775,999.9,0,0,9005.291667,93.25126667,0.234841833,-2.237816,407.5901,409.7067333,0.419905033,400.0286667,23.62184667,1.978063333,1.943515,17.26983333,16.99151667,1648499075,14:24:35,1648499075,1648499069,4,-0.049,-0.001,0.502,0.104,400,24,0.4,0.31,400.0066167,0.013160322,0.059874617,1,397.8002833,0.004244512,0.03570065,1,0.025739209,0.002980736,0.000879334,1,3,3,3/3,2.26487,2.68021,0.0752483,0.0754368,0.0937772,0.0910685,26897.2,24347.5,28483.8,25223.1,34877.4,31475,41799.1,37223.5,1.5016,1.4961,-0.0183284,0,25.3076,25.9576,50.44,31.652,28.7051,54.18,25.6851,0.5,0.562246,1.62634,20.3081,5.25413,11.9432,4.9919,3.29825,9999,678.4,6377.5,9999,2.41882,2.93558,1.87404,1.87851,1.87682,1.87818,1.8724,1.87881,0.071,0.3762,0,0,11111100,oooooooo,off,off,on,off,0,100,100,0.502,0.104,0.265790392,0.000723023,-1.21059E-08,-2.82691E-11,-0.056575655,-0.013223211,0.001240205,-1.62673E-05,2,2096,1,33,14.2,14.3,0.78125,2.53784,0.947266,2.10571,0.994873,2.28394,35.1747,24.0262,18,260.246,261.905,24.4663,33.9252,30,34.4431,34.4642,15.5858,30.9594,31.9344,24.4539,400,23.4485,98.2388,97.29
4,1648499805,2031,20220328 14:36:45,14:36:45,5,1,30,1.2375,1.165834725,9.465025789,119.99994,26.2579324,1648499797,0.000847031,0.847030917,3.705280774,395.5940645,281.7995172,23.19509376,32.56159382,0.056703176,2.646690815,0.056036837,0.035082238,28.05276492,24.9109916,24.9109916,3.162843386,61.66385347,1.957365727,3.174251392,1.205477659,-37.35406345,8.613133323,0.687956127,-0.000209085,3.743862116,0.821859005,3.705280774,409.4826682,405.3182303,0.002679049,88.4768097,0.847030917,22.90949271,23.81022857,8.45876E-05,104.7612007,0,0,1,0,39517.92944,146.7962581,117.4370065,0.8,0.1911,3,0.5,0: Broadleaf,2,VERDADERO,1648499797,395.5940645,400.0318387,23.78023226,22.9052,395.1090645,23.68623226,275.0692903,82.26057742,0.050045358,24.97135484,24.99692903,999.9,0,0,8997.056452,146.7962581,0.230992,-4.423940968,405.2506452,409.4093871,0.889576065,400.0318387,22.9052,1.95737129,1.884193871,17.10364839,16.50334839,1648499824,14:37:03,1648499824,1648499823,5,-0.016,0.001,0.485,0.094,400,23,0.81,0.2,400.0150833,-0.01654793,0.087685288,1,395.62055,-0.050917477,0.046204049,1,0.058107205,-0.002528921,0.000977921,1,3,3,3/3,2.26485,2.68048,0.0749571,0.0754362,0.0931334,0.0891548,26911.3,24356.4,28489.5,25232,34909.3,31552.8,41807.8,37237,1.50283,1.4946,-0.014551,0,25.2352,25.8293,49.182,31.814,28.2484,54.3,25.8253,0.5,0.552505,1.44348,20.311,5.25772,11.9438,4.99305,3.299,9999,678.7,6386.3,9999,2.44306,2.9288,1.87397,1.87851,1.87679,1.87811,1.87235,1.87881,0.1065,0.3762,0,0,11111100,oooooooo,off,off,on,off,0,100,100,0.485,0.094,0.216660709,0.000723023,-1.21059E-08,-2.82691E-11,-0.057888497,-0.013223211,0.001240205,-1.62673E-05,2,2096,1,33,12.2,12.3,0.782471,2.5354,0.947266,2.10571,0.994873,2.36084,35.3596,24.0262,18,260.294,260.724,24.5919,33.8204,30,34.3138,34.3309,15.5976,30.2651,27.4637,24.5959,400,22.9158,98.2589,97.325
5,1648500189,2415,20220328 14:43:09,14:43:09,5,1,30,1.2375,1.165834725,9.436296063,259.99987,26.32778903,1648500181,0.001334933,1.334933427,7.848782321,390.8258333,241.7545039,19.8952305,32.16308243,0.090212375,2.644598332,0.088537009,0.055483564,63.48964349,25.0417078,25.0417078,3.187592711,62.40843507,1.985772826,3.181898126,1.201819885,-58.87056415,-4.276953409,-0.342177595,-5.1661E-05,7.894551235,1.30856735,7.848782321,409.3501313,400.4902364,0.00940232,88.52852266,1.334933427,22.75024687,24.17048022,4.19567E-05,104.7258733,0,0,1,0,39468.70813,332.2325667,265.7860533,0.8,0.1911,3,0.5,0: Broadleaf,2,VERDADERO,1648500181,390.8258333,399.9938667,24.12988,22.73712,390.2948333,24.04188,275.0635667,82.24516667,0.050013657,25.01171,24.99850333,999.9,0,0,8988.625,332.2325667,0.234841833,-9.220144,400.4476,409.3002,1.420552667,399.9938667,22.73712,1.986852,1.870018,17.33993333,16.38469,1648500207,14:43:27,1648500207,1648500207,6,0.046,-0.003,0.531,0.088,400,23,0.33,0.16,399.9949333,-0.038277299,0.073596618,1,390.7834167,-0.093155877,0.044896656,1,0.092451431,0.001020275,0.001252849,1,3,3,3/3,2.26494,2.68031,0.0742422,0.0754493,0.0941041,0.0887065,26934.4,24359.7,28491.8,25235.6,34875,31572.1,41811.7,37241.4,1.50347,1.49443,-0.012368,0,25.2033,25.764,48.657,31.894,28.0812,50.1599,26.246,0.5,0.548887,1.50061,20.3122,5.25458,11.9427,4.9931,3.299,9999,678.8,6390.8,9999,2.44113,2.92912,1.87394,1.87851,1.87676,1.87812,1.87231,1.87881,0.23075,0.3762,0,0,11111100,oooooooo,off,off,on,off,0,100,100,0.531,0.088,0.200201631,0.000723023,-1.21059E-08,-2.82691E-11,-0.057088468,-0.013223211,0.001240205,-1.62673E-05,2,2096,1,33,6.1,6.1,0.782471,2.53906,0.947266,2.10571,0.994873,2.35962,35.4291,24.0262,18,260.373,260.43,24.5047,33.772,30,34.2612,34.2753,15.6023,30.7103,25.9778,24.5051,400,22.7636,98.2675,97.3374
6,1648500596,2821.5,20220328 14:49:55,14:49:55,5,1,30,1.2375,1.165834725,9.386291679,399.9998,26.4499623,1648500588,0.001791714,1.791713601,10.96133642,389.8195,235.9082791,19.41187096,32.07655898,0.122407111,2.647266569,0.119347444,0.074860682,98.51375079,25.14202211,25.14202211,3.206700462,63.17257636,2.010542019,3.182618369,1.196158443,-79.01456981,-18.05621271,-1.443887399,-0.000919127,11.19838137,1.759117935,10.96133642,409.3725373,399.5907455,0.020073645,86.95319377,1.791713601,22.95913233,24.45623287,0.000114812,102.15,0,0,1,0,39523.93741,515.5089,412.40712,0.8,0.1911,3,0.5,0: Broadleaf,2,VERDADERO,1648500588,389.8195,400.006,24.43368333,22.96269333,389.2905,24.34068333,349.9961667,82.23570333,0.0499673,25.01550667,25.0062,999.9,0,0,9002.563333,515.5089,0.230992,-10.19151667,399.5880333,409.4070667,1.496334,400.006,22.96269333,2.011405,1.888352333,17.53440333,16.53800333,1648500618,14:50:18,1648500618,1648500618,7,-0.003,0.002,0.529,0.093,400,23,0.2,0.07,400.0054098,0.014646219,0.045976964,1,389.8165082,-0.056103649,0.033784574,1,0.120899693,0.00499358,0.001940523,1,3,3,3/3,2.51158,2.68132,0.0741016,0.0754548,0.0948922,0.0892916,26940.5,24363.1,28493.8,25239.2,34847.5,31556.7,41815.2,37247.1,1.69272,1.95362,-0.0110641,0,25.1906,25.7423,48.852,31.965,28.309,51.2699,14.1787,1,0.544055,1.62657,20.3106,5.25757,11.942,4.9935,3.299,9999,678.9,6398.5,9999,2.43775,2.92881,1.874,1.87851,1.87682,1.87819,1.87237,1.87881,0.355,0.3762,0,0,11111100,oooooooo,off,off,on,off,0,100,100,0.529,0.093,0.246029711,0.000723023,-1.21059E-08,-2.82691E-11,-0.059983249,-0.013223211,0.001240205,-1.62673E-05,2,2096,1,33,6.5,6.5,1.07422,2.55127,1.44775,2.38159,1.54541,2.31812,35.6148,24.0262,18,342.191,528.601,24.3602,33.7118,30,34.184,34.1951,21.4544,27.6264,24.8622,24.3526,400,23.0091,98.2752,97.3518
7,1648500920,3145.9,20220328 14:55:20,14:55:20,5,1,30,1.2375,1.165834725,9.28730478,699.99965,26.69404166,1648500912,0.002220595,2.220595143,14.78657346,386.4689355,218.8575209,18.008688,31.80059086,0.15157692,2.647620522,0.146915758,0.092229196,171.747716,25.39083639,25.39083639,3.254526917,64.84019497,2.050904961,3.163014797,1.203621955,-97.92824581,-68.36267016,-5.46997305,-0.013173,14.94821907,2.164980472,14.78657346,409.4413404,396.3947636,0.008684918,88.15656988,2.220595143,23.09312599,24.94923846,-2.5774E-05,102.1112693,0,0,1,0,39545.0848,898.7321613,718.985729,0.8,0.1911,3,0.5,0: Broadleaf,2,VERDADERO,1648500912,386.4689355,399.9987419,24.9244129,23.11498387,385.9719355,24.8344129,350.0031613,82.23498387,0.050001913,24.9119,24.99015806,999.9,0,0,9004.354839,898.7321613,0.230992,-13.50749032,396.3864839,409.4634839,1.848579677,399.9987419,23.11498387,2.052878387,1.90086,17.85817742,16.64182258,1648500937,14:55:37,1648500937,1648500937,8,-0.031,-0.005,0.497,0.09,400,23,0.21,0.08,399.999,0.030815226,0.03256276,1,386.4948333,-0.084730203,0.033642813,1,0.147268044,0.004178304,0.001284553,1,3,3,3/3,2.51172,2.68113,0.0736196,0.0754649,0.0962122,0.08956,26956.2,24364.9,28495.5,25241.2,34798.7,31550.2,41817.8,37250.3,1.6932,1.95352,-0.00692904,0,25.1101,25.7705,48.669,32.025,28.2982,51.1799,14.2147,1,0.542264,1.74027,20.3095,5.25637,11.9439,4.99295,3.299,9999,679,6404.6,9999,2.43098,2.92843,1.874,1.87851,1.87682,1.8782,1.87238,1.87881,0.62125,0.3762,0,0,11111100,oooooooo,off,off,on,off,0,100,100,0.497,0.09,0.243589748,0.000723023,-1.21059E-08,-2.82691E-11,-0.058191338,-0.013223211,0.001240205,-1.62673E-05,2,2096,1,33,5,5,1.07544,2.55493,1.44775,2.38159,1.54541,2.31567,35.7311,24.0175,18,342.242,528.178,24.0337,33.6959,30.0001,34.147,34.1552,21.4629,27.4468,24.8778,24.0371,400,23.0604,98.2812,97.36
8,1648501248,3473.4,20220328 15:00:47,15:00:47,5,1,30,1.2375,1.165834725,9.18870563,999.9995,26.940167,1648501240,0.00254061,2.540610343,17.22736664,384.0656774,213.3835377,17.55514482,31.59722939,0.173863358,2.646135147,0.167757163,0.105378978,243.2365185,25.69133893,25.69133893,3.313118681,66.94021053,2.108220961,3.149408919,1.20489772,-112.0409161,-121.4990022,-9.738270853,-0.041670737,17.61933975,2.484451414,17.22736664,409.6160865,394.285473,0.024947267,88.26286551,2.540610343,23.54978261,25.67110222,3.67811E-05,102.1103341,0,0,1,0,39523.48185,1272.823226,1018.258581,0.8,0.1911,3,0.5,0: Broadleaf,2,VERDADERO,1648501240,384.0656774,399.9851935,25.62551613,23.55064194,383.6096774,25.52951613,350.0143871,82.22034516,0.050035277,24.83966129,24.99212903,999.9,0,0,8998.770645,1272.823226,0.230992,-15.88919355,394.2140645,409.6322258,2.115978387,399.9851935,23.55064194,2.11031871,1.936341613,18.29727742,16.93318065,1648501265,15:01:05,1648501265,1648501265,9,-0.041,-0.003,0.456,0.096,400,24,0.18,0.07,399.986082,0.02474622,0.035641335,1,384.1093934,-0.087134593,0.029833021,1,0.172013379,0.004538355,0.001336479,1,3,3,3/3,2.51173,2.6813,0.0732711,0.0754734,0.0981354,0.0908903,26966.6,24365.7,28495.7,25242.2,34724.9,31505.3,41818.2,37251.8,1.69368,1.95347,-0.000409782,0,24.9982,25.7858,48.84,32.075,28.4848,51.2999,14.2548,1,0.54346,2.02565,20.3057,5.25697,11.9435,4.99325,3.299,9999,679.1,6410.8,9999,2.42413,2.92731,1.87405,1.87851,1.87683,1.8782,1.87241,1.87881,0.8875,0.3762,0,0,11111100,oooooooo,off,off,on,off,0,100,100,0.456,0.096,0.212282615,0.000723023,-1.21059E-08,-2.82691E-11,-0.062936094,-0.013223211,0.001240205,-1.62673E-05,2,2096,1,33,5.2,5.2,1.07544,2.55371,1.44775,2.38037,1.54541,2.31201,35.8244,24.0175,18,342.411,528.007,23.5888,33.6929,30,34.1347,34.1399,21.4747,26.0264,26.6493,23.5925,400,23.5884,98.282,97.364
9,1648501577,3803,20220328 15:06:17,15:06:17,5,1,30,1.2375,1.165834725,9.012976867,1499.99925,27.38647412,1648501569,0.002918599,2.918598635,20.22443905,381.6653871,207.0495854,17.03247578,31.39685815,0.200119909,2.645635217,0.192074597,0.120742511,358.6321302,26.14904094,26.14904094,3.404131704,70.51869305,2.196690513,3.115047115,1.20744119,-128.7101998,-212.9546478,-17.09537168,-0.128089136,20.2818711,2.862620795,20.22443905,409.9259963,392.1515091,0.000881991,86.99442457,2.918598635,24.31489203,26.74955874,6.77804E-06,102.15,0,0,1,0,39537.34739,1876.672581,1501.338065,0.8,0.1911,3,0.5,0: Broadleaf,2,VERDADERO,1648501569,381.6653871,399.9862903,26.70333226,24.31518387,381.2533871,26.59533226,350.0007742,82.21280968,0.049976561,24.656,24.9766,999.9,0,0,8997.177097,1876.672581,0.230992,-18.28934194,392.1876129,409.9543548,2.43384871,399.9862903,24.31518387,2.199112258,1.99901871,18.95585484,17.43656774,1648501600,15:06:40,1648501595,1648501600,10,-0.044,-0.002,0.412,0.108,400,24,0.25,0.07,399.9980164,-0.04186991,0.043262634,1,381.6850656,-0.018675833,0.044461392,1,0.199087554,0.004913338,0.001465853,1,3,3,3/3,2.51163,2.68136,0.0729061,0.0754637,0.100958,0.0929306,26976.3,24365.1,28495,25241.5,34614.9,31434.2,41816.6,37251.3,1.69337,1.95305,0.00990927,0,24.8141,25.777,49.89,32.136,29.2004,51.15,14.4631,1,0.548516,2.44682,20.2997,5.25608,11.9441,4.99255,3.299,9999,679.1,6417,9999,2.41165,2.93581,1.87405,1.87851,1.87683,1.87819,1.87239,1.87881,1.33125,0.3762,0,0,11111100,oooooooo,off,off,on,off,0,100,100,0.412,0.108,0.171258297,0.000723023,-1.21059E-08,-2.82691E-11,-0.065827597,-0.013223211,0.001240205,-1.62673E-05,2,2096,1,33,5.2,5.2,1.07666,2.55981,1.44775,2.38037,1.54541,2.28882,35.8944,24.0087,18,342.385,527.874,22.8631,33.7383,30.0001,34.1593,34.1614,21.4938,25.9676,31.7979,22.8744,400,24.3622,98.2787,97.3621
10,1648501926,4151.5,20220328 15:12:05,15:12:05,5,1,30,1.2375,1.165834725,8.826072149,1999.999,27.87232209,1648501918,0.003214074,3.214074153,22.45436924,382.2828333,206.9832489,17.02527063,31.44442234,0.222100682,2.643132864,0.212228878,0.133493424,469.7807478,26.67292351,26.67292351,3.510977758,74.64862446,2.309359703,3.093639997,1.201618055,-141.7406701,-303.8369305,-24.46455972,-0.261412564,22.42323983,3.161942093,22.45436924,410.501044,393.221097,-0.0009008,87.48052523,3.214074153,25.75630809,28.10098061,-0.000216531,101.4826414,0,0,1,0,39500.21934,2458.298,1966.6384,0.8,0.1911,3,0.5,0: Broadleaf,2,VERDADERO,1648501918,382.2828333,400.0070667,28.07584,25.77093333,381.7638333,27.94384,399.9946667,82.20438333,0.049957167,24.54068333,25.01208667,999.9,0,0,8986,2458.298,0.232965033,-17.84360333,393.221,410.5883333,2.349406667,400.0070667,25.77093333,2.311615333,2.118484333,19.75756,18.35883667,1648501945,15:12:25,1648501944,1648501945,11,0.107,-0.002,0.519,0.132,400,26,0.33,0.07,399.9976833,0.02564379,0.045766251,1,382.1770167,-0.096436788,0.04238022,1,0.218115301,0.000438831,0.002037829,1,3,3,3/3,2.66156,2.6816,0.072979,0.0754521,0.104424,0.0967285,26972.4,24362.5,28493.2,25238.7,34479.5,31299.4,41814.2,37247.6,1.80585,1.8576,0.0239536,0,24.6057,25.7945,51.856,32.206,30.4744,49.2,19.8117,1,0.557614,3.3243,20.2819,5.25233,11.9438,4.9922,3.29833,9999,679.2,6423.4,9999,2.39798,2.92498,1.87408,1.87851,1.87683,1.8782,1.87239,1.87881,1.775,0.3762,0,0,11111100,oooooooo,off,off,on,off,0,100,100,0.519,0.132,0.126975298,0.000723023,-1.21059E-08,-2.82691E-11,-0.067465283,-0.013223211,0.001240205,-1.62673E-05,2,2096,1,33,5.5,5.4,1.07788,2.55981,1.44775,2.38037,1.54541,2.33887,35.9879,24.0087,18,399.667,460.005,21.9005,33.793,30.0001,34.1994,34.1981,21.5186,25.6603,40.1488,21.8987,400,25.7452,98.2729,97.3519
11,1648502748,4973.5,20220328 15:25:47,15:25:47,5,1,30,1.2375,1.165834725,9.421905471,0,26.36287219,1648502740,-1.33034E-05,-0.013303395,-0.465806404,400.4429667,-443.9927977,-36.51526525,32.93359987,-0.000881901,2.646966199,-0.000882064,-0.000551275,-0.052637125,24.79366928,24.79366928,3.140773177,61.73898906,1.938680337,3.14012323,1.20209284,0.586679718,-0.494601456,-0.039441825,-6.88581E-07,-0.401207725,0.005568114,-0.465806404,409.5324292,410.0602667,-0.000708075,88.02,-0.013303395,23.58147087,23.56558132,0.00013581,105.07,0,0,1,0,39547.23881,-0.275442833,-0.220354267,0.8,0.1911,3,0.5,0: Broadleaf,2,VERDADERO,1648502740,400.4429667,400.0078,23.57261,23.56668,399.9229667,23.46961,275.0518667,82.19295667,0.049965833,24.79020333,24.98807333,999.9,0,0,9005.791333,-0.275442833,0.234841833,0.434370967,410.1054333,409.6622667,-0.00415121,400.0078,23.56668,1.936674333,1.937014667,16.93587667,16.93866667,1648502776,15:26:15,1648502776,1648502766,12,0,0.01,0.52,0.103,400,24,0.44,0.41,399.9896833,0.084546819,0.079007487,1,400.4638167,-0.149431509,0.030628142,0,-0.000616768,0.00196674,0.001458737,1,2,3,2/3,2.2644,2.68043,0.0755278,0.0753462,0.0923572,0.0908534,26881.4,24348.8,28476.4,25222.7,34922.7,31485,41787.5,37226.8,1.50038,1.48612,-0.0147149,0,25.2309,25.9845,51.294,32.357,30.4081,54.3901,27.5,0.5,0.582917,1.6356,20.309,5.25772,11.9436,4.9934,3.299,9999,679.5,6433.2,9999,2.44016,2.93624,1.87393,1.8785,1.87672,1.87809,1.87231,1.87881,0,0.3762,0,0,11111100,oooooooo,off,off,on,off,0,100,100,0.52,0.103,0.233850169,0.000723023,-1.21059E-08,-2.82691E-11,-0.069577373,-0.013223211,0.001240205,-1.62673E-05,2,2096,1,33,13.4,13.4,0.783691,2.54395,0.947266,2.10205,0.994873,2.31934,35.9412,24.0262,18,260.322,258.139,24.3482,34.173,29.9999,34.61,34.6202,15.6304,34.5757,38.466,24.3526,400,23.6462,98.2121,97.2946
12,1648503138,5364,20220328 15:32:18,15:32:18,5,1,30,1.2375,1.165834725,9.424869946,39.99998,26.35563997,1648503130,-1.33111E-06,-0.001331105,-0.209292096,400.1275,-3378.076855,-277.8201642,32.90732938,-8.77906E-05,2.646353245,-8.77922E-05,-5.487E-05,7.78582805,24.82917582,24.82917582,3.147438279,61.7946731,1.939044678,3.13788322,1.208393601,0.058701748,-7.265120884,-0.579557556,-0.000148642,-0.104080909,0.012110024,-0.209292096,409.5325293,409.8326182,-0.006241511,88.06687471,-0.001331105,23.57400926,23.57281648,-1.77395E-05,105.0450403,0,0,1,0,39535.99069,40.74216667,32.59373333,0.8,0.1911,3,0.5,0: Broadleaf,2,VERDADERO,1648503130,400.1275,400.0192667,23.57727333,23.56437667,399.6345,23.47427333,275.0595,82.19211667,0.0499921,24.77825333,24.99770333,999.9,0,0,9002.916667,40.74216667,0.234841833,0.134891823,409.8163667,409.6728667,0.012755388,400.0192667,23.56437667,1.937853667,1.936805667,16.94549667,16.93695333,1648503162,15:32:42,1648503162,1648503158,13,-0.027,0,0.493,0.103,400,24,0.58,0.26,399.9931148,0.018250661,0.092121285,1,400.138623,0.070026441,0.036145047,1,0.000118599,0.001447003,0.000664176,1,3,3,3/3,2.2647,2.68019,0.075504,0.0753405,0.0923626,0.0908844,26888.1,24355,28482.4,25228.6,34929.9,31491,41796.6,37235,1.50073,1.48773,-0.0115298,0,25.1948,25.9057,49.853,32.418,29.6555,50.4301,26.895,0.5,0.572172,1.57325,20.3096,5.25817,11.9441,4.9932,3.299,9999,679.6,6437.7,9999,2.44036,2.93305,1.87395,1.87851,1.87671,1.87808,1.87233,1.87881,0.0355,0.3762,0,0,11111100,oooooooo,off,off,on,off,0,100,100,0.493,0.103,0.23449084,0.000723023,-1.21059E-08,-2.82691E-11,-0.059722209,-0.013223211,0.001240205,-1.62673E-05,2,2096,1,33,6,6.2,0.783691,2.54517,0.947266,2.10327,0.994873,2.25708,35.9412,24.0175,18,260.22,258.585,24.3935,34.0436,30.0001,34.538,34.5546,15.6407,32.0287,34.3342,24.3888,400,23.6474,98.2332,97.3166
13,1648504037,6262.5,20220328 15:47:16,15:47:16,5,1,30,1.2375,1.165834725,9.349118157,79.99996,26.54127412,1648504029,0.000730652,0.730651766,2.160712213,397.3537667,318.3073015,26.17073378,32.66981183,0.049463384,2.645319063,0.048955254,0.030642252,17.85970277,24.86312795,24.86312795,3.153823152,61.95714939,1.964920162,3.171417959,1.18890299,-32.22174288,13.29908941,1.062451787,-0.000498907,2.154137756,0.725170663,2.160712213,409.446676,407.0748485,-0.003829178,88.14218836,0.730651766,23.12284636,23.90095604,-1.78571E-05,104.9937272,0,0,1,0,39490.55487,93.45736667,74.76589333,0.8,0.1911,3,0.5,0: Broadleaf,2,VERDADERO,1648504029,397.3537667,400.0176,23.89877333,23.12672333,396.8577667,23.80477333,275.0495333,82.16849,0.049962597,24.95638,24.99919,999.9,0,0,9000.5,93.45736667,0.238691667,-2.668825667,407.0836667,409.4877333,0.7870985,400.0176,23.12672333,1.964963333,1.900288333,17.1648,16.63711,1648504066,15:47:45,1648504066,1648504056,14,0.004,-0.001,0.496,0.094,400,23,0.63,0.2,400.0065667,0.096140039,0.064812902,1,397.3662333,-0.083783273,0.040541488,1,0.046542178,0.004115063,0.001386708,1,3,3,3/3,2.26493,2.68056,0.0751094,0.0753629,0.0932698,0.0896107,26904.2,24362.6,28486.9,25236.7,34901.7,31544.9,41804.9,37246.4,1.50225,1.48757,-0.0156462,0,25.2643,25.9232,48.23,32.519,28.8616,51.69,27.512,0.5,0.561159,1.43694,20.3108,5.25802,11.9441,4.99295,3.299,9999,679.8,6448.1,9999,2.43522,2.92949,1.87394,1.87848,1.87668,1.87806,1.87225,1.87872,0.071,0.3762,0,0,11111100,oooooooo,off,off,on,off,0,100,100,0.496,0.094,0.207736182,0.000723023,-1.21059E-08,-2.82691E-11,-0.059520257,-0.013223211,0.001240205,-1.62673E-05,2,2096,1,33,14.6,14.7,0.783691,2.54761,0.947266,2.10327,0.994873,2.32178,35.9879,24.0262,18,260.36,257.98,24.6481,33.918,30.0001,34.4007,34.4145,15.6386,31.1699,29.115,24.6488,400,23.1698,98.2513,97.3469
14,1648504788,7013.5,20220328 15:59:47,15:59:47,5,1,30,1.2375,1.165834725,9.302119816,119.99994,26.65732065,1648504780,0.001110328,1.110328032,3.99350648,395.2183548,300.305581,24.6866776,32.48900028,0.074822446,2.645214933,0.07366626,0.046143803,28.09444937,24.86990161,24.86990161,3.155098328,61.45102778,1.954575586,3.180704468,1.200522742,-48.96546619,19.32556683,1.544396142,-0.001053844,3.947994018,1.073886566,3.99350648,409.3212273,404.8710424,-0.000592521,88.06776304,1.110328032,22.64926551,23.80997582,0.001695501,105.0444753,0,0,1,0,39481.78298,147.0143871,117.6115097,0.8,0.1911,3,0.5,0: Broadleaf,2,VERDADERO,1648504780,395.2183548,399.9872258,23.77679032,22.63338065,394.7603548,23.68679032,275.0596774,82.15520968,0.049981165,25.00541613,24.99977742,999.9,0,0,9001.450968,147.0143871,0.231411129,-4.733650323,404.8869355,409.2499355,1.159158065,399.9872258,22.63338065,1.95468129,1.859449677,17.08192258,16.29569677,1648504814,16:00:14,1648504811,1648504814,15,-0.039,0.004,0.458,0.09,400,23,1.14,0.14,399.9883443,0.070724484,0.061406169,1,395.2559672,-0.015540984,0.020956604,1,0.076831066,0.000708863,0.001164829,1,3,3,3/3,2.26505,2.6804,0.07479,0.0753425,0.0930165,0.0883249,26914.6,24364.7,28488.1,25238.3,34913.3,31591.4,41807.1,37248.7,1.50255,1.4866,-0.0214204,0,25.3439,25.956,46.582,32.609,28.0221,51.5101,26.851,0.5,0.560666,1.60578,20.3107,5.25847,11.9441,4.99345,3.299,9999,680,6456.9,9999,2.432,2.92839,1.87405,1.87851,1.87673,1.87813,1.87239,1.87881,0.1065,0.3762,0,0,11111100,oooooooo,off,off,on,off,0,100,100,0.458,0.09,0.211406689,0.000723023,-1.21059E-08,-2.82691E-11,-0.060685011,-0.013223211,0.001240205,-1.62673E-05,2,2096,1,33,12,12.2,0.783691,2.54517,0.947266,2.10327,0.994873,2.29126,36.0347,24.0175,18,260.394,257.461,24.5451,33.9088,30.0002,34.3759,34.3897,15.6429,29.7761,23.8399,24.5447,400,22.6247,98.256,97.3531
15,1648505176,7402,20220328 16:06:16,16:06:16,5,1,30,1.2375,1.165834725,9.231697275,259.99987,26.83247748,1648505168,0.001432689,1.432689292,8.22333935,390.4420645,245.5766821,20.18659644,32.09464482,0.097535528,2.645480578,0.095580935,0.059910434,63.5820276,24.97729334,24.97729334,3.175375645,62.42424571,1.981897027,3.17488342,1.193478618,-63.18159778,-0.370790173,-0.029640032,-3.87905E-07,8.215934699,1.417946277,8.22333935,409.2125638,400.0551697,-0.001760789,88.07556023,1.432689292,22.59962392,24.12954945,-0.000401621,105.0393394,0,0,1,0,39491.37496,332.716,266.1728,0.8,0.1911,3,0.5,0: Broadleaf,2,VERDADERO,1648505168,390.4420645,400.0064839,24.11043871,22.60125806,389.9390645,24.02243871,275.0682581,82.15075484,0.050031761,24.97469355,24.99604516,999.9,0,0,9003.224839,332.716,0.236161323,-9.616270645,400.0466129,409.256129,1.53712871,400.0064839,22.60125806,1.982987097,1.85671,17.30913871,16.27258065,1648505202,16:06:42,1648505199,1648505202,16,0.046,-0.001,0.503,0.088,400,23,0.34,0.05,399.9972951,-0.085783184,0.090415497,1,390.4075246,-0.06975357,0.035611569,1,0.095741087,0.004220879,0.001456486,1,3,3,3/3,2.26469,2.6802,0.0740823,0.0753384,0.0938541,0.0881745,26934.2,24364.7,28487.2,25238.2,34879.4,31596.8,41805.2,37249,1.50218,1.48595,-0.0195764,0,25.3161,25.967,46.142,32.67,27.8552,50.8201,27.5,0.5,0.563049,1.67216,20.3099,5.25817,11.9438,4.9932,3.299,9999,680.1,6461.3,9999,2.42713,2.92839,1.874,1.87851,1.87674,1.8781,1.87239,1.87881,0.23075,0.3762,0,0,11111100,oooooooo,off,off,on,off,0,100,100,0.503,0.088,0.17267672,0.000723023,-1.21059E-08,-2.82691E-11,-0.056578832,-0.013223211,0.001240205,-1.62673E-05,2,2096,1,33,6.1,6,0.783691,2.54761,0.947266,2.10327,0.994873,2.28516,36.0816,24.0262,18,260.32,257.256,24.3867,33.9363,30.0001,34.3976,34.4101,15.641,29.6879,22.7244,24.389,400,22.6451,98.2519,97.3534
16,1648505571,7797,20220328 16:12:51,16:12:51,5,1,30,1.2375,1.165834725,9.158928425,399.9998,27.01509709,1648505563,0.001866203,1.866202893,11.64243726,389.3797097,231.6096891,19.03376826,31.99936577,0.126767081,2.644985445,0.123485965,0.07746645,98.66687182,25.10686828,25.10686828,3.199993041,62.81236702,1.997300666,3.179788887,1.202692375,-82.29954758,-15.15531935,-1.212653434,-0.000648542,11.68096261,1.834248,11.64243726,409.3082284,399.0690848,0.003351031,87.19627116,1.866202893,22.77042895,24.33122797,-1.63402E-05,102.1298783,0,0,1,0,39477.44373,516.3101613,413.048129,0.8,0.1911,3,0.5,0: Broadleaf,2,VERDADERO,1648505563,389.3797097,400.003871,24.30386774,22.76990645,388.8697097,24.21286774,350.0092258,82.13034839,0.050014326,25.0005871,24.99771935,999.9,0,0,9003.064839,516.3101613,0.230992,-10.63824839,399.0757742,409.324129,1.561770968,400.003871,22.76990645,1.99836871,1.8701,17.43142258,16.38537419,1648505600,16:13:20,1648505600,1648505591,17,0.007,0,0.51,0.091,400,23,0.56,0.08,400.0018852,-0.026836594,0.037582302,1,389.3688033,-0.041825489,0.041304872,1,0.125822009,0.004814415,0.00162303,1,3,3,3/3,2.51126,2.68118,0.0739048,0.075311,0.0943892,0.0886186,26939.2,24365.4,28487,25238.2,34858.8,31581.8,41805.2,37249.5,1.69055,1.9446,-0.019595,0,25.3104,26.0087,46.582,32.7,28.1721,51.0301,14.5753,1,0.564416,1.78194,20.3083,5.25832,11.9441,4.9934,3.299,9999,680.3,6468.7,9999,2.42204,2.93454,1.87408,1.87854,1.87682,1.8782,1.87241,1.87882,0.355,0.3762,0,0,11111100,oooooooo,off,off,on,off,0,100,100,0.51,0.091,0.218242341,0.000723023,-1.21059E-08,-2.82691E-11,-0.057181892,-0.013223211,0.001240205,-1.62673E-05,2,2096,1,33,6.2,6.2,1.07666,2.55981,1.44775,2.37915,1.54541,2.3291,36.2224,24.0175,18,342.136,523.585,24.2771,33.9455,30.0001,34.3914,34.399,21.5031,27.6633,21.612,24.2772,400,22.7884,98.2517,97.3541
17,1648505934,8159.5,20220328 16:18:53,16:18:53,5,1,30,1.2375,1.165834725,9.028127944,699.99965,27.34760016,1648505926,0.002420295,2.420294878,15.64834761,385.7582333,222.4398549,18.27889343,31.69950655,0.165278752,2.64274814,0.159743519,0.100321575,172.0367176,25.40423878,25.40423878,3.257120686,64.62198886,2.052305378,3.175862294,1.204815308,-106.7350041,-60.4632479,-4.848811612,-0.010346049,15.69365115,2.381983927,15.64834761,409.3950811,395.6726121,-0.000675706,88.25448553,2.420294878,22.98384424,25.01035804,-0.00040383,102.109747,0,0,1,0,39433.39235,900.2444667,720.1955733,0.8,0.1911,3,0.5,0: Broadleaf,2,VERDADERO,1648505926,385.7582333,399.9972333,24.97495333,22.98428667,385.2892333,24.88395333,350.0074667,82.12454333,0.049999717,24.97986333,25.00365667,999.9,0,0,8992.875,900.2444667,0.234841833,-14.20768,395.6874333,409.4071333,2.030253667,399.9972333,22.98428667,2.054309,1.887574667,17.86925,16.53152,1648505962,16:19:21,1648505953,1648505962,18,-0.041,-0.003,0.469,0.091,400,23,0.16,0.07,399.997,-0.000456901,0.041897611,1,385.7981311,-0.053558964,0.026887425,1,0.165347796,0.004964117,0.002124323,1,3,3,3/3,2.51116,2.68138,0.0733743,0.07532,0.0962019,0.0891988,26952.4,24363,28484.8,25236.1,34786.4,31559.4,41801.9,37246.8,1.69055,1.94363,-0.015758,0,25.2565,26.0461,46.484,32.74,28.1798,51.2401,14.7356,1,0.569596,2.09039,20.3051,5.25757,11.9441,4.9933,3.29903,9999,680.4,6475.3,9999,2.41274,2.93636,1.87408,1.87851,1.87682,1.8782,1.87241,1.87883,0.62125,0.3762,0,0,11111100,oooooooo,off,off,on,off,0,100,100,0.469,0.091,0.225147868,0.000723023,-1.21059E-08,-2.82691E-11,-0.057658506,-0.013223211,0.001240205,-1.62673E-05,2,2096,1,33,5.6,5.7,1.07666,2.55615,1.44775,2.38037,1.54541,2.31812,36.34,24.0175,18,342.254,523.042,23.8748,33.9884,30,34.4163,34.4207,21.5023,26.9325,21.6817,23.8818,400,23.0114,98.244,97.3466
18,1648506286,8511.5,20220328 16:24:45,16:24:45,5,1,30,1.2375,1.165834725,8.917785671,999.9995,27.6324496,1648506278,0.002820016,2.820015633,18.13605418,383.5784516,220.2811392,18.10061723,31.5188434,0.192465667,2.644051183,0.185007417,0.116275649,243.5903617,25.69796693,25.69796693,3.314421322,66.44794968,2.103208969,3.165197692,1.211212353,-124.3626894,-110.4022893,-8.859857221,-0.034474296,18.10947359,2.756451557,18.13605418,409.608646,393.6897636,0.000387187,88.26495638,2.820015633,23.29305298,25.64777762,4.09086E-05,102.1072744,0,0,1,0,39468.06099,1274.674839,1019.739871,0.8,0.1911,3,0.5,0: Broadleaf,2,VERDADERO,1648506278,383.5784516,400.0068387,25.59566129,23.29350323,383.1264516,25.50266129,350.0061613,82.12054516,0.049981535,24.92346452,25.00250968,999.9,0,0,8999.617419,1274.674839,0.234857355,-16.42285806,393.6784194,409.5466452,2.347845484,400.0068387,23.29350323,2.105682581,1.912875484,18.26222903,16.74102581,1648506308,16:25:08,1648506308,1648506305,19,-0.017,-0.004,0.452,0.093,400,23,0.13,0.04,400.0011167,0.052551264,0.045726029,1,383.5975333,-0.06889247,0.023744801,1,0.1916443,0.002197782,0.00075493,1,3,3,3/3,2.51069,2.68094,0.073045,0.0752975,0.0978845,0.0900271,26960.5,24362.9,28483.3,25235.6,34719.9,31530.2,41799.8,37246.2,1.69005,1.9433,-0.0106916,0,25.1736,26.0989,46.594,32.78,28.3147,53.7601,14.8157,1,0.575102,2.35442,20.3001,5.25398,11.9441,4.99165,3.2984,9999,680.5,6482,9999,2.40474,2.93121,1.87407,1.87851,1.87681,1.8782,1.87241,1.87881,0.8875,0.3762,0,0,11111100,oooooooo,off,off,on,off,0,100,100,0.452,0.093,0.183874077,0.000723023,-1.21059E-08,-2.82691E-11,-0.060882509,-0.013223211,0.001240205,-1.62673E-05,2,2096,1,33,5.5,5.4,1.07666,2.55737,1.44775,2.38037,1.54541,2.28882,36.4343,24.0087,18,342.222,523.145,23.5042,34.0436,30,34.4599,34.4611,21.5055,26.3027,22.8655,23.5039,400,23.3688,98.239,97.3449
19,1648506690,8915.5,20220328 16:31:29,16:31:29,5,1,30,1.2375,1.165834725,8.725384582,1499.99925,28.13900149,1648506682,0.003145877,3.145876557,20.9213966,381.4976333,214.4970373,17.62345753,31.34452311,0.217596397,2.644943993,0.208117941,0.130890907,359.0797028,26.19375414,26.19375414,3.413138789,70.61399752,2.213722252,3.134962373,1.199416537,-138.7331562,-204.0657534,-16.39854184,-0.117748601,20.44464161,3.081760564,20.9213966,410.0216632,391.996097,-0.042521321,88.25748388,3.145876557,24.37353737,26.99719441,7.4237E-06,102.1089355,0,0,1,0,39507.98489,1879.014667,1503.211733,0.8,0.1911,3,0.5,0: Broadleaf,2,VERDADERO,1648506682,381.4976333,400.0297667,26.94345667,24.37306,381.0806333,26.83445667,349.9919667,82.11182,0.049956033,24.76266,24.98441,999.9,0,0,9004.895667,1879.014667,0.231136367,-18.51001333,392.1040667,410.0233,2.620564333,400.0297667,24.37306,2.216495333,2.001316333,19.08203667,17.45474333,1648506710,16:31:49,1648506708,1648506710,20,-0.035,-0.003,0.417,0.109,400,24,0.11,0.05,400.0062333,0.091625452,0.04275487,1,381.5196333,-0.09266574,0.04773118,1,0.216270377,0.003549408,0.001220253,1,3,3,3/3,2.51104,2.68131,0.0727139,0.075282,0.101395,0.0929036,26964.7,24356.2,28477.9,25228.6,34578.4,31422.5,41791.8,37236.8,1.68978,1.94188,-0.00089407,0,25.0019,26.1563,47.766,32.841,29.1268,53.6101,14.6875,1,0.587637,2.82765,20.2922,5.25862,11.9441,4.9934,3.299,9999,680.6,6489.5,9999,2.39044,2.93241,1.87402,1.87851,1.87676,1.87819,1.87238,1.87881,1.33125,0.3762,0,0,11111100,oooooooo,off,off,on,off,0,100,100,0.417,0.109,0.167019686,0.000723023,-1.21059E-08,-2.82691E-11,-0.064716681,-0.013223211,0.001240205,-1.62673E-05,2,2096,1,33,6.4,6.4,1.07788,2.55737,1.44775,2.37915,1.54541,2.29736,36.5287,24.0087,18,342.549,522.879,22.7365,34.1607,30,34.5568,34.5546,21.523,25.3639,27.9644,22.7467,400,24.3162,98.2203,97.3194
20,1648507075,9300.5,20220328 16:37:54,16:37:54,5,1,30,1.2375,1.165834725,8.525348787,1999.999,28.67951263,1648507067,0.003467844,3.467843571,22.34801365,382.4101935,220.2363762,18.09577278,31.42082198,0.240754276,2.644810305,0.229207929,0.144246192,470.2099337,26.68560859,26.68560859,3.513600781,74.44176759,2.314555867,3.109216697,1.199044914,-152.9319015,-293.8643198,-23.65803483,-0.244322377,22.14477808,3.389924396,22.34801365,410.5489013,393.3612606,-0.002168819,87.57287679,3.467843571,25.69961741,28.22638606,8.81711E-05,101.4973109,0,0,1,0,39523.53119,2460.543871,1968.435097,0.8,0.1911,3,0.5,0: Broadleaf,2,VERDADERO,1648507067,382.4101935,399.9913226,28.16952903,25.69866452,381.8831935,28.03852903,399.9934194,82.11527097,0.049960281,24.62466129,25.0005129,999.9,0,0,9003.87,2460.543871,0.230992,-17.70337419,393.3880645,410.5416774,2.517973548,399.9913226,25.69866452,2.317017419,2.110251935,19.79519677,18.29677419,1648507094,16:38:13,1648507092,1648507094,21,0.109,-0.003,0.527,0.131,400,26,0.38,0.03,399.9966557,-0.031970386,0.038761518,1,382.2903934,-0.007976732,0.044966756,1,0.239334037,0.004752776,0.002128639,1,3,3,3/3,2.66101,2.68193,0.0728382,0.0752816,0.104525,0.0963994,26956.4,24352.9,28473.3,25225.5,34451.6,31298.1,41783.7,37233,1.80155,1.84538,0.0112914,0,24.8263,26.2297,49.78,32.891,30.4411,54.2101,20.0601,1,0.599525,3.52563,20.2781,5.25353,11.9441,4.99345,3.299,9999,680.7,6496.7,9999,2.37508,2.92137,1.87407,1.87855,1.87682,1.8782,1.87241,1.87881,1.775,0.3762,0,0,11111100,oooooooo,off,off,on,off,0,100,100,0.527,0.131,0.131992831,0.000723023,-1.21059E-08,-2.82691E-11,-0.067562053,-0.013223211,0.001240205,-1.62673E-05,2,2096,1,33,6.1,6.1,1.0791,2.55737,1.44775,2.37915,1.54541,2.32422,36.5996,24.0087,18,399.979,455.126,22.0826,34.2752,30.0003,34.6572,34.6515,21.5483,25.6391,36.31,21.9854,400,25.6544,98.2025,97.3086
21,1648507781,10007,20220328 16:49:41,16:49:41,5,1,30,1.2375,1.165834725,9.081521326,0,27.21120356,1648507773,9.39714E-06,0.009397141,-0.703873709,400.4986667,2174.653998,178.669546,32.90496557,0.000623938,2.643543013,0.000623856,0.000389917,-0.043716571,24.75540309,24.75540309,3.133603863,61.71337998,1.93419674,3.134161085,1.199407124,-0.414413923,0.424265245,0.03386474,-5.0786E-07,-0.453249858,-0.004034249,-0.703873709,409.7206352,410.2607091,0.023201288,88.02963569,0.009397141,23.53151843,23.5416,-5.77718E-06,105.07,0,0,1,0,39479.23944,-0.2287628,-0.18301024,0.8,0.1911,3,0.5,0: Broadleaf,2,VERDADERO,1648507773,400.4986667,400.0025333,23.54183333,23.54613,400.0216667,23.44383333,275.0463667,82.11001667,0.049971147,24.75838,24.99309667,999.9,0,0,8998.312,-0.2287628,0.28874,0.5460907,410.2027,409.6480333,-0.011180814,400.0025333,23.54613,1.932456667,1.933374667,16.9015,16.90899,1648507807,16:50:07,1648507807,1648507799,22,-0.05,0.008,0.477,0.098,400,23,0.85,0.19,399.9943607,0.050335272,0.084260142,1,400.5577869,-0.105131676,0.029368833,0,0.000368702,0.000464897,0.001329663,1,2,3,2/3,2.26413,2.6804,0.0754085,0.0751993,0.092126,0.090556,26868.1,24340.1,28459.8,25210.9,34911.1,31484.1,41762.2,37214,1.49733,1.47665,-0.0267625,0,25.4423,26.4991,50.952,32.982,31.3157,54.2101,27.3678,0.5,0.620788,2.00907,20.3041,5.25832,11.9441,4.9933,3.299,9999,680.9,6505,9999,2.41656,2.94325,1.87408,1.87852,1.8768,1.87819,1.87238,1.87881,0,0.3762,0,0,11111100,oooooooo,off,off,on,off,0,100,100,0.477,0.098,0.241349185,0.000723023,-1.21059E-08,-2.82691E-11,-0.070899156,-0.013223211,0.001240205,-1.62673E-05,2,2096,1,33,11.5,11.5,0.784912,2.55127,0.947266,2.10205,0.996094,2.30469,36.5523,24.0262,18,260.425,255.487,24.1253,34.5875,30,35.0024,35.0061,15.6469,36.9779,39.2233,24.1316,400,23.5786,98.1536,97.2563
22,1648508172,10398,20220328 16:56:12,16:56:12,5,1,30,1.2375,1.165834725,9.076610054,39.99998,27.22371101,1648508164,1.4775E-05,0.014774973,-0.180588447,400.0568065,680.86196,55.93681567,32.86702027,0.00098365,2.644981779,0.000983447,0.000614672,7.790435615,24.78431046,24.78431046,3.139018444,62.0671217,1.942910577,3.130337809,1.196107866,-0.651576288,-6.611517482,-0.527465038,-0.000123193,-0.042374061,0.022010382,-0.180588447,409.7033511,409.8329636,0.00671655,89.0867803,0.014774973,23.62318631,23.63903297,-8.96183E-06,104.3605387,0,0,1,0,39512.01133,40.76627742,32.61302194,0.8,0.1911,3,0.5,0: Broadleaf,2,VERDADERO,1648508164,400.0568065,400.0201935,23.64907419,23.62563548,399.6188065,23.54607419,275.0559677,82.10591613,0.049967081,24.73794516,25.00479677,999.9,0,0,9005.726129,40.76627742,0.28874,0.075223851,409.7858065,409.6994839,0.021537777,400.0201935,23.62563548,1.941573548,1.939803871,16.97572581,16.96135806,1648508210,16:56:50,1648508210,1648508194,23,-0.038,0.002,0.438,0.103,400,24,0.73,0.35,400.0089,0.010456238,0.106195841,1,400.0869667,0.055302028,0.03086852,1,-0.000463837,0.000610964,0.001310501,1,3,3,3/3,2.26402,2.68033,0.0753565,0.0751835,0.0923701,0.0907966,26874.7,24344.9,28464.8,25215.1,34908.2,31480.3,41770.3,37219.3,1.49735,1.47815,-0.0248551,0,25.4166,26.4548,48.974,33.052,30.221,54.3902,27.0753,0.5,0.61221,1.97295,20.3038,5.25712,11.9441,4.99275,3.299,9999,681,6509.4,9999,2.41621,2.94464,1.87397,1.8785,1.87668,1.87808,1.87229,1.87881,0.0355,0.3762,0,0,11111100,oooooooo,off,off,on,off,0,100,100,0.438,0.103,0.191438389,0.000723023,-1.21059E-08,-2.82691E-11,-0.062777739,-0.013223211,0.001240205,-1.62673E-05,2,2096,1,33,6.1,6.2,0.784912,2.55005,0.947266,2.10205,0.996094,2.23145,36.5287,24.0175,18,260.287,256.012,24.1355,34.4767,29.9999,34.9577,34.9726,15.6507,33.0858,33.584,24.1301,400,23.6764,98.1718,97.271
23,1648509061,11286.5,20220328 17:11:00,17:11:00,5,1,30,1.2375,1.165834725,9.03773825,79.99996,27.32298147,1648509053,0.000103651,0.103651001,0.689001785,398.9294667,230.565521,18.94094698,32.77203739,0.006866238,2.644486688,0.00685635,0.004286106,17.85273017,24.8278032,24.8278032,3.147180388,62.08090988,1.943758006,3.131007599,1.203422382,-4.571009149,-12.30040798,-0.981739658,-0.000426615,0.935199085,0.099625339,0.689001785,409.7424826,408.5822182,0.036405774,89.04174525,0.103651001,23.55499327,23.66529011,6.04925E-06,104.3895125,0,0,1,0,39501.13657,93.42088,74.736704,0.8,0.1911,3,0.5,0: Broadleaf,2,VERDADERO,1648509053,398.9294667,399.9928,23.66109667,23.55501,398.4364667,23.55809667,275.0621667,82.09998667,0.049967477,24.74152667,25.00349,999.9,0,0,9003.979333,93.42088,0.28874,-1.118831,408.5407,409.6420333,0.1065427,399.9928,23.55501,1.942613333,1.933866667,16.98418667,16.91300667,1648509086,17:11:25,1648509085,1648509086,24,0.055,0.001,0.493,0.103,400,24,0.76,0.32,400.01745,-0.099124201,0.089530893,1,398.87545,-0.049470408,0.042369574,1,0.006433459,0.001186358,0.00072628,1,3,3,3/3,2.26442,2.68034,0.0752012,0.0752007,0.092467,0.0906365,26885.6,24352.9,28471.2,25223.4,34912.9,31496,41780.5,37231.1,1.4984,1.47882,-0.0255853,0,25.4209,26.4632,46.777,33.143,29.0149,53.4602,27.524,0.5,0.59907,1.94341,20.3047,5.25697,11.9441,4.99275,3.29903,9999,681.2,6519.7,9999,2.41343,2.93255,1.87403,1.87851,1.87674,1.87817,1.87239,1.8788,0.071,0.3762,0,0,11111100,oooooooo,off,off,on,off,0,100,100,0.493,0.103,0.153163403,0.000723023,-1.21059E-08,-2.82691E-11,-0.060646404,-0.013223211,0.001240205,-1.62673E-05,2,2096,1,33,14.2,14.4,0.784912,2.54883,0.947266,2.10205,0.994873,2.32056,36.5759,24.0175,18,260.227,255.769,24.1306,34.3321,30.0001,34.8149,34.8309,15.6553,29.4559,27.2454,24.1288,400,23.6084,98.1952,97.3025
24,1648509821,12046.5,20220328 17:23:40,17:23:40,5,1,30,1.2375,1.165834725,8.988176242,119.99994,27.45026949,1648509813,0.000839543,0.83954347,3.576523395,395.714,285.6432218,23.46895032,32.51255936,0.056716085,2.656135748,0.056051785,0.035091402,28.06378091,24.81550621,24.81550621,3.144870829,61.8684485,1.952425845,3.155769851,1.192444984,-37.02386703,8.299952276,0.659941193,-0.000192653,3.584688003,0.813917796,3.576523395,409.4154138,405.4072121,0.001479144,88.99242543,0.83954347,22.87757329,23.77162527,-9.97164E-06,104.4213095,0,0,1,0,39727.60204,146.8539032,117.4831226,0.8,0.1911,3,0.5,0: Broadleaf,2,VERDADERO,1648509813,395.714,399.975129,23.76319355,22.89654516,395.252,23.67319355,275.0515161,82.11183871,0.049922965,24.87346774,25.00117419,999.9,0,0,9059.193548,146.8539032,0.28874,-4.23293871,405.3820645,409.3475484,0.88353229,399.975129,22.89654516,1.952625806,1.880076452,17.06531613,16.46895806,1648509841,17:24:00,1648509838,1648509841,25,-0.032,-0.001,0.462,0.09,400,23,0.72,0.17,399.9919333,0.059563212,0.098123369,1,395.7549667,-0.099927758,0.030831243,1,0.053962734,0.001300998,0.000602561,1,3,3,3/3,2.26442,2.68073,0.0747546,0.0752272,0.0927665,0.0887993,26898.5,24352.7,28471.1,25223.9,34901.4,31560.1,41780.6,37231.7,1.4988,1.47812,-0.0312999,0,25.5153,26.5504,45.629,33.214,28.412,51.2101,27.1234,0.5,0.599456,1.92686,20.3052,5.25787,11.9441,4.99335,3.299,9999,681.4,6528.5,9999,2.40986,2.9313,1.87407,1.87851,1.87678,1.87819,1.87241,1.87881,0.1065,0.3762,0,0,11111100,oooooooo,off,off,on,off,0,100,100,0.462,0.09,0.207989717,0.000723023,-1.21059E-08,-2.82691E-11,-0.059300312,-0.013223211,0.001240205,-1.62673E-05,2,2096,1,33,12.3,12.2,0.784912,2.55615,0.947266,2.10205,0.994873,2.23145,36.5996,24.0175,18,260.311,255.37,24.2463,34.328,30.0001,34.7928,34.8056,15.6519,29.9901,23.5251,24.2412,400,22.9343,98.1951,97.3041
25,1648510204,12429.9,20220328 17:30:04,17:30:04,5,1,30,1.2375,1.165834725,8.939970458,259.99987,27.57485385,1648510196,0.001212361,1.212360862,7.825055687,391.1937419,229.2295508,18.83320783,32.13997941,0.082209854,2.652672399,0.08082023,0.050635539,63.52849494,24.96172136,24.96172136,3.17242836,62.61233039,1.978623825,3.160118482,1.193804535,-53.46511402,-9.320905485,-0.742719144,-0.000243703,7.605428202,1.18869933,7.825055687,409.2403932,400.7403879,-0.021906338,88.81040444,1.212360862,22.81912413,24.10948462,1.00764E-05,104.5387939,0,0,1,0,39651.93168,332.435871,265.9486968,0.8,0.1911,3,0.5,0: Broadleaf,2,VERDADERO,1648510196,391.1937419,399.9964839,24.08294194,22.81760645,390.6667419,23.99294194,275.0429355,82.10878387,0.049942006,24.89654516,25.00005161,999.9,0,0,9042.702258,332.435871,0.28874,-8.874174516,400.7830645,409.3365484,1.287331613,399.9964839,22.81760645,1.979227097,1.873526129,17.27912581,16.41412258,1648510223,17:30:23,1648510223,1648510223,26,0.065,0.001,0.527,0.09,400,23,0.31,0.13,400.0020833,-0.038907474,0.055757598,1,391.1283,-0.083569881,0.032599744,1,0.081137609,0.003541495,0.001218417,1,3,3,3/3,2.2645,2.68088,0.0740664,0.0752379,0.0936784,0.0886348,26917.1,24352.1,28469.8,25223.7,34864.6,31565.7,41778.5,37231.6,1.4989,1.47723,-0.031352,0,25.5089,26.5692,45.184,33.264,28.2183,52.2501,27.504,0.5,0.601944,2.01835,20.3061,5.25697,11.9441,4.9931,3.299,9999,681.5,6532.9,9999,2.40636,2.93836,1.87408,1.87853,1.87683,1.8782,1.87241,1.87882,0.23075,0.3762,0,0,11111100,oooooooo,off,off,on,off,0,100,100,0.527,0.09,0.17656452,0.000723023,-1.21059E-08,-2.82691E-11,-0.060003586,-0.013223211,0.001240205,-1.62673E-05,2,2096,1,33,6.1,6.1,0.784912,2.55005,0.947266,2.10205,0.994873,2.3291,36.6469,24.0175,18,260.424,255.052,24.1336,34.356,30,34.8149,34.8246,15.6465,29.4994,22.4104,24.1323,400,22.832,98.1903,97.3036
26,1648510611,12836.4,20220328 17:36:50,17:36:50,5,1,30,1.2375,1.165834725,8.889555013,399.9998,27.70598111,1648510603,0.001679104,1.679103669,11.32932332,389.6878667,220.244368,18.09466826,32.01567757,0.114105719,2.644552129,0.111439451,0.069884021,98.5761959,25.06911899,25.06911899,3.192804058,63.04843867,1.993983201,3.162621062,1.198820857,-74.04847179,-22.7127005,-1.816479987,-0.00145638,11.41301767,1.642615332,11.32932332,409.3847044,399.449103,-0.000340725,87.37470137,1.679103669,22.89523311,24.29948881,5.88901E-07,102.1145183,0,0,1,0,39480.24401,515.8356667,412.6685333,0.8,0.1911,3,0.5,0: Broadleaf,2,VERDADERO,1648510603,389.6878667,400.0191333,24.27033,22.89654333,389.2328667,24.17933,349.9994333,82.10724667,0.04998815,24.90981333,24.99969,999.9,0,0,9003.5,515.8356667,0.28874,-10.26643333,399.4577,409.3928,1.398788333,400.0191333,22.89654333,1.994821667,1.879972667,17.40330333,16.46808667,1648510632,17:37:12,1648510628,1648510632,27,-0.072,0,0.455,0.091,400,23,0.3,0.06,400.0011667,0.072653515,0.043044615,1,389.7553667,-0.067365379,0.030080429,1,0.112962749,0.003606292,0.001357511,1,3,3,3/3,2.51082,2.68135,0.0738631,0.0752316,0.094195,0.0888573,26922.9,24352,28469.7,25223.5,34844.9,31558.1,41778.8,37231.7,1.68687,1.9349,-0.0308752,0,25.511,26.5956,45.489,33.284,28.4388,54.3802,14.5793,1,0.602876,2.17284,20.3015,5.25458,11.9441,4.99245,3.299,9999,681.7,6540.3,9999,2.40267,2.94301,1.87408,1.87851,1.87683,1.8782,1.87241,1.87881,0.355,0.3762,0,0,11111100,oooooooo,off,off,on,off,0,100,100,0.455,0.091,0.242029118,0.000723023,-1.21059E-08,-2.82691E-11,-0.059386052,-0.013223211,0.001240205,-1.62673E-05,2,2096,1,33,6.5,6.5,1.07666,2.5647,1.44775,2.37915,1.54541,2.2937,36.7892,24.0087,18,342.332,519.857,23.9604,34.3632,30,34.8054,34.812,21.512,27.5315,20.5521,23.9605,400,22.9145,98.1905,97.3034
27,1648510980,13205.9,20220328 17:43:00,17:43:00,5,1,30,1.2375,1.165834725,8.787147593,699.99965,27.97499862,1648510972,0.002061643,2.061643347,15.18796928,386.316871,200.1571578,16.44439607,31.73879818,0.139123864,2.644001782,0.135181197,0.084833174,171.9020447,25.40777183,25.40777183,3.257804738,64.77854197,2.045263436,3.157316255,1.212541302,-90.9184716,-74.99129845,-6.008167941,-0.015893302,15.1709566,2.020140798,15.18796928,409.4304945,396.1062242,-0.000460076,88.19778696,2.061643347,23.20609854,24.92847902,7.91303E-05,102.1105128,0,0,1,0,39472.46982,899.5397419,719.6317935,0.8,0.1911,3,0.5,0: Broadleaf,2,VERDADERO,1648510972,386.316871,399.9900645,24.89444516,23.20592903,385.799871,24.79744516,349.9849032,82.10750968,0.049912281,24.88167742,25.0032129,999.9,0,0,9000.807097,899.5397419,0.28874,-13.74506452,396.1181613,409.4927419,1.718740645,399.9900645,23.20592903,2.046504194,1.90538129,17.8088,16.67922258,1648511001,17:43:21,1648511001,1648510999,28,0.062,-0.001,0.517,0.097,400,23,0.44,0.09,399.9959016,0.036996298,0.055003638,1,386.2528197,-0.084437864,0.034680986,1,0.137915223,0.004588573,0.001775897,1,3,3,3/3,2.51078,2.68127,0.0733551,0.075224,0.095872,0.0897153,26936.1,24350,28468.1,25221.3,34778.1,31525.9,41775.9,37228.8,1.68668,1.93425,-0.0270531,0,25.4423,26.6204,45.342,33.314,28.3947,51.7102,14.8438,1,0.609291,2.70909,20.2916,5.25503,11.9439,4.99205,3.29875,9999,681.8,6547.4,9999,2.39508,2.93088,1.87408,1.87851,1.87683,1.8782,1.87241,1.87887,0.62125,0.3762,0,0,11111100,oooooooo,off,off,on,off,0,100,100,0.517,0.097,0.169673481,0.000723023,-1.21059E-08,-2.82691E-11,-0.059443325,-0.013223211,0.001240205,-1.62673E-05,2,2096,1,33,5.9,5.8,1.07788,2.5647,1.44775,2.37793,1.54541,2.32422,36.8842,24.0175,18,342.352,519.533,23.6079,34.4059,30.0013,34.83,34.8309,21.5251,26.1359,20.577,23.576,400,23.3427,98.1843,97.2955
28,1648511359,13584.4,20220328 17:49:18,17:49:18,5,1,30,1.2375,1.165834725,8.694475271,999.9995,28.2215807,1648511351,0.002404742,2.404741547,17.6251388,383.8335333,200.5403945,16.47499621,31.53307851,0.164715302,2.644796087,0.159221174,0.099991593,243.3821572,25.72930278,25.72930278,3.320586003,67.3523048,2.120908553,3.148976949,1.19967745,-106.0491022,-127.1782975,-10.20046462,-0.045707119,17.9813846,2.346270965,17.6251388,409.8336874,394.127,0.027579887,88.13997373,2.404741547,23.85439932,25.86198392,3.29927E-05,102.1091981,0,0,1,0,39494.91784,1273.585333,1018.868267,0.8,0.1911,3,0.5,0: Broadleaf,2,VERDADERO,1648511351,383.8335333,400.0181,25.81656667,23.85739333,383.3555333,25.71456667,349.9994,82.10302,0.04998586,24.83736333,24.99515667,999.9,0,0,9005.144667,1273.585333,0.28874,-16.15676667,394.0506667,409.7946667,2.000527667,400.0181,23.85739333,2.123013333,1.958764,18.3929,17.11489333,1648511385,17:49:45,1648511385,1648511377,29,-0.039,-0.006,0.478,0.102,400,24,0.08,0.06,400.0033443,0.052454786,0.050962823,1,383.8701639,-0.074081438,0.031599533,1,0.16240131,0.003259967,0.000984653,1,3,3,3/3,2.51052,2.68148,0.0730007,0.075219,0.0983289,0.0913899,26944,24347.7,28465.7,25218.9,34680.8,31465.4,41772.4,37225.9,1.6864,1.9339,-0.0221282,0,25.3567,26.6452,45.69,33.375,28.7133,52.1302,14.7917,1,0.613697,2.69155,20.2928,5.25682,11.9439,4.99295,3.299,9999,681.9,6554.5,9999,2.3881,2.95283,1.87405,1.87851,1.87677,1.87817,1.87239,1.87881,0.8875,0.3762,0,0,11111100,oooooooo,off,off,on,off,0,100,100,0.478,0.102,0.23203202,0.000723023,-1.21059E-08,-2.82691E-11,-0.060077088,-0.013223211,0.001240205,-1.62673E-05,2,2096,1,33,6,6,1.07788,2.56592,1.44775,2.37915,1.54541,2.32666,36.9794,24.0087,18,342.432,519.648,23.2156,34.4621,30.0001,34.8751,34.8755,21.5338,25.5163,22.8888,23.2147,400,23.7713,98.1761,97.2873
29,1648511700,13925.9,20220328 17:55:00,17:55:00,5,1,30,1.2375,1.165834725,8.512427937,1499.99925,28.71492807,1648511692,0.002714456,2.714455848,20.25008719,381.7186774,193.1098119,15.86582807,31.36186011,0.184301276,2.644977538,0.177452553,0.111501972,358.7617083,26.28099115,26.28099115,3.43077186,70.86962745,2.217190682,3.128548521,1.213581178,-119.7075029,-221.3970128,-17.79579355,-0.138600953,20.30503863,2.660175052,20.25008719,410.1371346,392.3336667,0.000769072,88.14601186,2.714455848,24.76925297,27.03234895,5.77873E-05,102.1091171,0,0,1,0,39513.2199,1877.350645,1501.880516,0.8,0.1911,3,0.5,0: Broadleaf,2,VERDADERO,1648511692,381.7186774,399.9923548,26.98638065,24.7678871,381.2566774,26.86938065,350.0194839,82.10959355,0.050022842,24.72837419,24.9936,999.9,0,0,9005.302258,1877.350645,0.28874,-18.27055806,392.3256774,410.1509032,2.260297097,399.9923548,24.7678871,2.219274194,2.033680645,19.10212903,17.70902903,1648511725,17:55:24,1648511722,1648511725,30,-0.016,-0.001,0.462,0.117,400,25,0.23,0.08,399.9951967,0.032370175,0.048394831,1,381.7312295,-0.098163934,0.030881791,1,0.183986845,0.002282809,0.000768975,1,3,3,3/3,2.51031,2.68138,0.0726803,0.0752235,0.101393,0.0938626,26949.6,24343.4,28462.1,25214.9,34558.4,31375.2,41766.6,37220.6,1.68615,1.93325,-0.0142008,0,25.2203,26.6565,47.223,33.415,29.7371,53.6902,14.8077,1,0.623765,3.16559,20.2838,5.25578,11.9441,4.9929,3.299,9999,682,6560.8,9999,2.37407,2.95349,1.87407,1.87851,1.87671,1.8782,1.87235,1.87881,1.33125,0.3762,0,0,11111100,oooooooo,off,off,on,off,0,100,100,0.462,0.117,0.192792486,0.000723023,-1.21059E-08,-2.82691E-11,-0.065705768,-0.013223211,0.001240205,-1.62673E-05,2,2096,1,33,5.2,5.4,1.0791,2.56592,1.44775,2.37793,1.54541,2.33521,37.0509,24.0087,18,342.656,519.75,22.551,34.5561,29.9999,34.9482,34.9449,21.5508,25.9902,28.7527,22.5606,400,24.8477,98.1629,97.2728
30,1648512061,14286.4,20220328 18:01:00,18:01:00,5,1,30,1.2375,1.165834725,8.326398503,1999.999,29.2318154,1648512053,0.002922152,2.922151819,22.20426845,382.4584194,192.3006309,15.80055065,31.42503276,0.200874824,2.64661643,0.192772894,0.121183756,469.8052333,26.82174849,26.82174849,3.541859703,75.36300628,2.340933764,3.106210699,1.200925939,-128.8668952,-315.7983009,-25.42187352,-0.281836382,22.31139879,2.84689717,22.20426845,410.8638929,393.7505394,0.001182518,87.60053859,2.922151819,26.40556212,28.53501152,-4.85682E-05,101.5017259,0,0,1,0,39563.49045,2458.426129,1966.740903,0.8,0.1911,3,0.5,0: Broadleaf,2,VERDADERO,1648512053,382.4584194,400.0082903,28.49033871,26.41603226,382.0414194,28.34733871,400.0066774,82.11596452,0.049915919,24.60848387,24.99664839,999.9,0,0,9012.540645,2458.426129,0.28874,-17.51744839,393.7244839,410.8617097,2.115585484,400.0082903,26.41603226,2.342901935,2.16917871,19.97444516,18.73649355,1648512085,18:01:24,1648512085,1648512083,31,-0.045,-0.004,0.417,0.143,400,26,0.18,0.07,399.9954167,0.049637121,0.040158142,1,382.5052333,-0.069312587,0.026799482,1,0.198493928,0.003649398,0.00277419,1,3,3,3/3,2.66036,2.68185,0.0727976,0.0752174,0.105217,0.0981131,26941.2,24339.4,28457.1,25210.9,34404.9,31223.7,41758.3,37215.5,1.79713,1.83753,-0.004448,0,25.0657,26.7107,49.451,33.425,31.1616,53.3903,19.992,1,0.634472,3.6905,20.272,5.25787,11.9441,4.9931,3.29903,9999,682.1,6567.5,9999,2.35928,2.92669,1.87405,1.87852,1.87675,1.87819,1.87239,1.87881,1.775,0.3762,0,0,11111100,oooooooo,off,off,on,off,0,100,100,0.417,0.143,0.176636832,0.000723023,-1.21059E-08,-2.82691E-11,-0.066896931,-0.013223211,0.001240205,-1.62673E-05,2,2096,1,33,5.7,5.6,1.08032,2.56592,1.44775,2.37793,1.54541,2.31812,37.1225,23.9999,18,399.793,452.67,21.8607,34.6694,30.0003,35.0439,35.0371,21.5766,25.9,38.8798,21.8625,400,26.3231,98.1444,97.2586
31,1648513007,15232.4,20220328 18:16:46,18:16:46,5,1,30,1.2375,1.165834725,8.96196045,0,27.51792638,1648512999,4.13952E-05,0.041395179,-0.95321792,401.0506774,933.8919376,76.74770848,32.9585461,0.002780717,2.645354869,0.002779095,0.00173708,-0.050015567,23.36978553,23.36978553,2.883452919,58.68654658,1.693444567,2.885575426,1.190008352,-1.825527373,1.738762818,0.136771682,-8.43959E-06,-0.984368439,0.069665304,-0.95321792,408.3637362,409.4302727,-0.000473793,88.02,0.041395179,20.52104943,20.56694505,-0.000131538,105.0609403,0,0,1,0,39700.80423,-0.261724581,-0.209379665,0.8,0.1911,3,0.5,0: Broadleaf,2,VERDADERO,1648512999,401.0506774,400.0074839,20.60640323,20.53198387,400.5756774,20.54240323,275.0484194,82.13048065,0.0500216,23.38197742,25.03447097,999.9,0,0,9004.83871,-0.261724581,0.230992,0.986377419,409.4205484,408.3925161,0.050193548,400.0074839,20.53198387,1.690424516,1.686301613,14.80875484,14.77090323,1648513031,18:17:11,1648513031,1648513023,32,0.057,0.026,0.475,0.064,400,21,0.52,0.33,400.0034754,0.028042306,0.057473759,1,401.0092131,-0.09204019,0.039634856,1,0.004894549,-0.002497527,0.001722048,1,3,3,3/3,2.2632,2.68041,0.0753788,0.0750805,0.083705,0.0821216,26847.3,24321.6,28438.2,25190,35206.6,31752.5,41728.4,37187,1.49385,1.46343,0.0125542,0,24.8224,26.9632,50.244,33.697,32.1376,51.6803,28.8101,0.5,0.667805,3.32449,20.2792,5.25772,11.9441,4.99335,3.299,9999,682.3,6579,9999,2.40796,2.92748,1.87399,1.87851,1.87669,1.87818,1.87226,1.8788,0,0.3762,0,0,11111100,oooooooo,off,off,on,off,0,100,100,0.475,0.064,0.132232684,0.000723023,-1.21059E-08,-2.82691E-11,-0.070935004,-0.013223211,0.001240205,-1.62673E-05,2,2096,1,33,15.4,15.4,0.782471,2.55005,0.947266,2.10083,0.994873,2.3291,37.0986,24.0087,18,260.808,251.765,22.1559,35.0766,30,35.5342,35.5426,15.6182,47.7923,39.1661,22.1731,400,20.6195,98.0761,97.1815
32,1648513399,15624.4,20220328 18:23:18,18:23:18,5,1,30,1.2375,1.165834725,9.001049021,39.99998,27.41713114,1648513391,6.98153E-06,0.006981526,-0.016700897,399.9741333,447.6493598,36.79135666,32.87303036,0.000461227,2.645221507,0.000461182,0.000288243,7.77847707,23.4790328,23.4790328,2.902520763,58.50382034,1.693118766,2.894031118,1.209401998,-0.307885316,-6.925500917,-0.545224801,-0.000133964,-3.9121E-05,0.004911322,-0.016700897,408.3316207,408.3535212,-0.000305873,89.10526327,0.006981526,20.61537642,20.60856264,0.001129277,104.3487729,0,0,1,0,39691.56223,40.7037,32.56296,0.8,0.1911,3,0.5,0: Broadleaf,2,VERDADERO,1648513391,399.9741333,399.9762333,20.60058667,20.59534,399.4811333,20.53358667,275.0401333,82.13794333,0.049947377,23.43047,25.04445333,999.9,0,0,9003.375,40.7037,0.230992,-0.020382692,408.3677333,408.3871,0.003613214,399.9762333,20.59534,1.691955333,1.691659,14.82282333,14.82009667,1648513419,18:23:38,1648513419,1648513416,33,0.018,0.002,0.493,0.067,400,21,0.4,0.29,399.99955,-0.079445402,0.069504059,1,399.9597833,0.00069686,0.041275534,1,0.001690424,9.72212E-05,0.00148841,1,3,3,3/3,2.2633,2.68032,0.0752353,0.0751291,0.0837763,0.0822903,26857,24326.5,28443.7,25196,35211.4,31753.7,41737.6,37195.1,1.49465,1.46545,0.0219606,0,24.6928,26.799,44.952,33.818,28.9462,54.1703,28.738,0.5,0.656334,3.11895,20.2847,5.25757,11.9441,4.99335,3.299,9999,682.4,6583.4,9999,2.41079,2.92397,1.87402,1.87851,1.87672,1.87819,1.87233,1.87881,0.0355,0.3762,0,0,11111100,oooooooo,off,off,on,off,0,100,100,0.493,0.067,0.189590485,0.000723023,-1.21059E-08,-2.82691E-11,-0.045182806,-0.013223211,0.001240205,-1.62673E-05,2,2096,1,33,6.1,6.3,0.783691,2.55127,0.947266,2.10205,0.996094,2.32056,37.0509,24.0087,18,260.847,252.354,22.359,34.9359,30.0002,35.45,35.4652,15.6205,40.0864,23.5648,22.308,400,20.6551,98.0965,97.2036
33,1648514268,16493.4,20220328 18:37:47,18:37:47,5,1,30,1.2375,1.165834725,9.056304731,79.99996,27.27550522,1648514260,0.000330215,0.330214535,1.843429244,397.8777419,255.4465707,20.99685743,32.70422539,0.02200666,2.64390864,0.021905403,0.013699935,17.84433052,23.65428245,23.65428245,2.933338941,59.03266837,1.729403881,2.929570911,1.203935061,-14.56246099,-3.041842772,-0.240052664,-2.59034E-05,1.832631586,0.291240889,1.843429244,408.5557482,406.5300727,-0.002549324,89.12082312,0.330214535,20.72232049,21.06681209,0.000640082,104.338605,0,0,1,0,39636.96741,93.37692581,74.70154065,0.8,0.1911,3,0.5,0: Broadleaf,2,VERDADERO,1648514260,397.8777419,400.0029677,21.03982903,20.72885806,397.4627419,20.97282903,275.0545161,82.14664839,0.050021458,23.63294194,24.81607097,999.9,0,0,8996.068065,93.37692581,0.230992,-2.048747419,406.5102258,408.4700968,0.318438097,400.0029677,20.72885806,1.728964516,1.702806774,15.15895806,14.92204194,1648514285,18:38:04,1648514285,1648514285,34,-0.078,-0.002,0.415,0.067,400,21,0.42,0.26,400.0111167,-0.014527369,0.063153277,1,397.9487167,0.047749931,0.04044259,1,0.020610787,-0.003485858,0.002676947,1,3,3,3/3,2.26389,2.68038,0.0750039,0.0751538,0.0851391,0.0827532,26876.8,24340.6,28456.8,25210.4,35176.2,31754.9,41758.2,37214.9,1.49682,1.46945,0.00368804,0,24.6883,26.679,40.331,33.808,25.9533,54.3203,28.0008,0.5,0.629581,1.81664,20.3078,5.25413,11.9439,4.99205,3.299,9999,682.7,6593.4,9999,2.41476,2.92534,1.874,1.87848,1.87668,1.87813,1.87227,1.87878,0.071,0.3762,0,0,11111100,oooooooo,off,off,on,off,0,100,100,0.415,0.067,0.207807844,0.000723023,-1.21059E-08,-2.82691E-11,-0.043638509,-0.013223211,0.001240205,-1.62673E-05,2,2096,1,33,14.2,14.2,0.784912,2.55737,0.947266,2.10327,0.996094,2.23755,36.9794,24.0175,18,260.885,253.166,23.0049,34.6757,29.999,35.201,35.2183,15.6585,31.9513,8.51648,23.2185,400,20.7041,98.1439,97.257
34,1648515071,17296.4,20220328 18:51:10,18:51:10,5,1,30,1.2375,1.165834725,9.081100207,119.99994,27.21227571,1648515063,0.000605703,0.605702588,3.553249799,396.0870968,245.6769011,20.19561701,32.55993246,0.040152974,2.647031993,0.039817646,0.024915923,28.06338021,23.68751957,23.68751957,2.939215959,58.69313224,1.72420603,2.93766232,1.215009929,-26.71148413,-1.253087918,-0.098812551,-4.38675E-06,3.385636079,0.598132469,3.553249799,408.4221612,404.4708242,-0.000429436,88.97409381,0.605702588,20.33632474,20.98367143,-4.52795E-05,104.4327201,0,0,1,0,39696.48929,146.8518065,117.4814452,0.8,0.1911,3,0.5,0: Broadleaf,2,VERDADERO,1648515063,396.0870968,400.0381935,20.97472903,20.33603226,395.5910968,20.91472903,275.0539032,82.15397742,0.049994197,23.67873871,25.00167419,999.9,0,0,9010.382903,146.8518065,0.236114742,-4.034957097,404.4919355,408.3420968,0.650409806,400.0381935,20.33603226,1.724119355,1.670685806,15.1153129,14.62670968,1648515094,18:51:33,1648515094,1648515091,35,0.081,-0.001,0.496,0.06,400,20,0.73,0.26,400.0115333,0.097567102,0.078783557,1,396.00855,-0.06292748,0.028456063,1,0.039387162,0.004103125,0.001588688,1,3,3,3/3,2.2636,2.67997,0.074769,0.0751984,0.0849474,0.0817067,26890.7,24347.5,28463.9,25218.5,35192.8,31800.7,41769.3,37226,1.49742,1.4716,0.0181869,0,24.7552,26.6204,39.574,33.757,25.3914,53.7503,28.2131,0.5,0.621596,3.74679,20.2656,5.25009,11.9441,4.99085,3.2983,9999,682.9,6602.7,9999,2.41653,2.92986,1.87402,1.87851,1.87669,1.8781,1.87231,1.87881,0.1065,0.3762,0,0,11111100,oooooooo,off,off,on,off,0,100,100,0.496,0.06,0.129688525,0.000723023,-1.21059E-08,-2.82691E-11,-0.0453947,-0.013223211,0.001240205,-1.62673E-05,2,2096,1,33,13.1,13.1,0.784912,2.55249,0.947266,2.10449,0.996094,2.29858,36.9556,24.0087,18,260.623,253.526,23.3633,34.5529,30.0031,35.0503,35.0657,15.6595,33.7095,5.53756,22.9888,400,20.498,98.1693,97.2868
35,1648515468,17693.9,20220328 18:57:48,18:57:48,5,1,30,1.2375,1.165834725,9.046246783,259.99987,27.30121039,1648515460,0.001147731,1.147731451,7.688346432,391.1914333,220.9613773,18.16443415,32.15843021,0.076604803,2.645174601,0.075393341,0.047228087,63.54262278,23.88359179,23.88359179,2.974095628,59.43253574,1.7586717,2.959105948,1.215423927,-50.61495698,-11.98111499,-0.946952797,-0.000401986,7.651994861,1.098023966,7.688346432,408.2898312,399.7411818,-0.000952628,89.08071992,1.147731451,20.22146623,21.43376484,0.001007747,104.3644057,0,0,1,0,39641.35207,332.5098,266.00784,0.8,0.1911,3,0.5,0: Broadleaf,2,VERDADERO,1648515460,391.1914333,400.0061333,21.39337333,20.22135667,390.6754333,21.33537333,275.0473333,82.15640333,0.04997305,23.79957667,25.05869667,999.9,0,0,9001.125,332.5098,0.234841833,-8.840959667,399.7246,408.2617667,1.191937667,400.0061333,20.22135667,1.759239333,1.661314667,15.42924333,14.53958667,1648515488,18:58:07,1648515488,1648515487,36,0.02,0,0.516,0.058,400,20,0.5,0.05,400.0063443,-0.020478054,0.045297879,1,391.1712295,-0.041463776,0.026547448,1,0.080006063,-0.004971816,0.001933256,1,3,3,3/3,2.26402,2.68022,0.0740617,0.0752033,0.0862454,0.0813932,26912.2,24348.7,28464.9,25219.7,35144.3,31813.3,41771.1,37228,1.4983,1.4719,0.0183918,0,24.7327,26.5933,39.287,33.737,25.1742,53.9903,28.2372,0.5,0.621247,3.01089,20.2881,5.25667,11.9441,4.9933,3.299,9999,683,6607.2,9999,2.41404,2.91301,1.87402,1.8785,1.87668,1.87814,1.87234,1.8788,0.23075,0.3762,0,0,11111100,oooooooo,off,off,on,off,0,100,100,0.516,0.058,0.210749168,0.000723023,-1.21059E-08,-2.82691E-11,-0.046513233,-0.013223211,0.001240205,-1.62673E-05,2,2096,1,33,6.2,6.3,0.786133,2.55249,0.947266,2.10449,0.994873,2.33276,36.9317,24.0087,18,260.842,253.513,22.6224,34.5153,30.0004,35.0119,35.0275,15.6658,35.062,3.29911,22.5671,400,20.2759,98.1731,97.2919
36,1648515850,18075.4,20220328 19:04:09,19:04:09,5,1,30,1.2375,1.165834725,9.015059671,399.9998,27.38112568,1648515842,0.001753526,1.753525826,11.46821297,389.5613226,224.3807531,18.44635736,32.02586349,0.118780722,2.643790942,0.115893668,0.072687088,98.59959229,23.95622885,23.95622885,2.987108747,60.06294748,1.779290572,2.962376385,1.207818175,-77.33048891,-19.71077749,-1.559415289,-0.001089395,11.4802903,1.734686251,11.46821297,408.2572307,398.2246848,4.21549E-05,87.52948177,1.753525826,20.19165647,21.66164685,4.51521E-05,102.1047023,0,0,1,0,39609.89061,515.9580968,412.7664774,0.8,0.1911,3,0.5,0: Broadleaf,2,VERDADERO,1648515842,389.5613226,399.9805484,21.64321935,20.18856129,389.1063226,21.58221935,350.0084516,82.16004194,0.05002779,23.81793871,24.91283871,999.9,0,0,8994.032258,515.9580968,0.230992,-10.36594839,398.2422258,408.2219355,1.475783226,399.9805484,20.18856129,1.779942581,1.658691935,15.61175806,14.51515484,1648515874,19:04:34,1648515867,1648515874,37,-0.06,0.003,0.455,0.061,400,20,0.25,0.09,399.984541,-0.026405077,0.083473481,1,389.6247541,-0.092306716,0.030383157,1,0.119406027,-0.001625586,0.001428819,1,3,3,3/3,2.5105,2.68146,0.0738473,0.0752049,0.0869025,0.0813347,26920.6,24350.5,28467,25221.6,35121.8,31818,41774.4,37231.1,1.68673,1.92992,0.0116229,0,24.7111,26.5619,40.001,33.727,25.6198,54.0203,15.0881,1,0.614868,2.23056,20.3029,5.25682,11.9441,4.99265,3.299,9999,683.1,6614.2,9999,2.4118,2.9441,1.87399,1.87849,1.8767,1.87814,1.8723,1.8788,0.355,0.3762,0,0,11111100,oooooooo,off,off,on,off,0,100,100,0.455,0.061,0.230406135,0.000723023,-1.21059E-08,-2.82691E-11,-0.046644398,-0.013223211,0.001240205,-1.62673E-05,2,2096,1,33,6,6,1.0791,2.56592,1.44775,2.38159,1.54541,2.31934,37.027,24.0175,18,342.978,517.459,22.7655,34.4782,29.9988,34.9577,34.9671,21.5289,39.4432,0.297509,22.8497,400,20.1886,98.1808,97.2995
37,1648516225,18450.9,20220328 19:10:25,19:10:25,5,1,30,1.2375,1.165834725,8.935170639,699.99965,27.58730106,1648516217,0.002231153,2.231153385,15.89526834,385.7155484,204.9622623,16.85161495,31.71281301,0.150493442,2.644716731,0.14589271,0.091584585,171.9635296,24.29526383,24.29526383,3.048508489,61.72491475,1.828429212,2.962222337,1.220079277,-98.3938643,-68.18122027,-5.40148064,-0.013035641,15.83005156,2.192704576,15.89526834,408.3187523,394.423103,-0.001507597,88.15419249,2.231153385,20.40611614,22.27576783,1.73604E-05,102.1093347,0,0,1,0,39629.49172,899.8614839,719.8891871,0.8,0.1911,3,0.5,0: Broadleaf,2,VERDADERO,1648516217,385.7155484,400.009129,22.23875806,20.40109032,385.2045484,22.17775806,349.9993226,82.16816452,0.049970445,23.81707419,25.00895161,999.9,0,0,8997.62129,899.8614839,0.234717645,-14.35904839,394.4354839,408.339871,1.872233871,400.009129,20.40109032,1.830159032,1.676320645,16.04677742,14.67888387,1648516248,19:10:47,1648516248,1648516246,38,0.056,-0.003,0.511,0.061,400,20,0.23,0.08,399.9942787,0.065171867,0.090257942,1,385.6498525,-0.049618191,0.04974388,1,0.154422664,-0.00400302,0.002237057,1,3,3,3/3,2.51042,2.68135,0.0732851,0.0752223,0.0886324,0.0819632,26936.3,24349.9,28466.4,25221.4,35054.4,31795.8,41773.4,37230.6,1.6869,1.9306,0.0188239,0,24.6678,26.5484,39.537,33.707,25.2918,53.9603,15.4006,1,0.618443,2.85774,20.2905,5.25353,11.9441,4.9935,3.299,9999,683.2,6621.3,9999,2.40601,2.92266,1.87406,1.87851,1.87678,1.8782,1.87237,1.87881,0.62125,0.3762,0,0,11111100,oooooooo,off,off,on,off,0,100,100,0.511,0.061,0.170345177,0.000723023,-1.21059E-08,-2.82691E-11,-0.043719132,-0.013223211,0.001240205,-1.62673E-05,2,2096,1,33,6,5.8,1.0791,2.56836,1.44775,2.38281,1.54541,2.323,37.0986,24.0087,18,342.942,517.721,22.2877,34.4809,29.9991,34.9323,34.9385,21.551,39.7348,0,22.3585,400,20.418,98.1784,97.2984
38,1648516562,18787.4,20220328 19:16:01,19:16:01,5,1,30,1.2375,1.165834725,8.851439998,999.9995,27.80568683,1648516554,0.002490582,2.490582008,18.26906998,383.5284667,200.2124691,16.46129944,31.53338531,0.170892164,2.639931751,0.16497572,0.103624329,243.4693625,24.75648567,24.75648567,3.133806491,64.90938965,1.930801405,2.974610322,1.203005086,-109.8346666,-123.8241101,-9.853794523,-0.043208692,18.28678722,2.430556418,18.26906998,408.7749418,392.7662606,0.000691011,88.18864518,2.490582008,21.45247477,23.5369042,1.72142E-05,102.1102463,0,0,1,0,39519.89427,1274.041667,1019.233333,0.8,0.1911,3,0.5,0: Broadleaf,2,VERDADERO,1648516554,383.5284667,400.0023333,23.48359667,21.44913,382.9924667,23.40859667,349.9902333,82.16924667,0.049905373,23.88647,24.97967667,999.9,0,0,8974.374333,1274.041667,0.230992,-16.51016,392.7304333,408.7701333,2.073861,400.0023333,21.44913,1.932866333,1.762458333,16.90486333,15.45774333,1648516582,19:16:21,1648516581,1648516582,39,0.024,-0.004,0.536,0.075,400,21,0.23,0.07,400.00395,0.012613504,0.070393756,1,383.4964333,-0.084556821,0.041743809,1,0.169755554,0.003590643,0.001578729,1,3,3,3/3,2.51036,2.68111,0.0729738,0.0752526,0.0921307,0.0849261,26946.7,24351.5,28467.8,25223.8,34922,31696.4,41775.9,37234.4,1.68708,1.9317,0.0220612,0,24.6316,26.5394,39.897,33.707,25.5211,53.9903,15.3365,1,0.615442,2.83771,20.2903,5.25068,11.9441,4.99245,3.29845,9999,683.3,6627.5,9999,2.39986,2.91669,1.87405,1.8785,1.87669,1.87814,1.87227,1.8788,0.8875,0.3762,0,0,11111100,oooooooo,off,off,on,off,0,100,100,0.536,0.075,0.226212225,0.000723023,-1.21059E-08,-2.82691E-11,-0.047000199,-0.013223211,0.001240205,-1.62673E-05,2,2096,1,33,5.2,5.3,1.07788,2.56836,1.44775,2.38159,1.54541,2.32544,37.1463,24.0087,18,342.967,518.433,22.3043,34.468,30.0001,34.9196,34.9258,21.5415,36.3747,1.9005,22.3034,400,21.3765,98.1838,97.3082
39,1648516957,19182.9,20220328 19:22:37,19:22:37,5,1,30,1.2375,1.165834725,8.68960242,1499.99925,28.23463024,1648516949,0.002870642,2.870641782,20.75107012,381.3023333,201.3400704,16.55534633,31.35288555,0.198767611,2.645803565,0.190828827,0.119954865,358.9152931,25.12616738,25.12616738,3.203673829,68.53986666,2.005933776,2.92666717,1.197740053,-126.5953026,-215.342656,-17.10738905,-0.130054536,20.75085619,2.820473848,20.75107012,409.0929705,390.8998667,0.000625537,88.31126265,2.870641782,22.03882566,24.43877343,5.40701E-05,102.0894424,0,0,1,0,39679.17561,1878.154333,1502.523467,0.8,0.1911,3,0.5,0: Broadleaf,2,VERDADERO,1648516949,381.3023333,400.0110333,24.39543333,22.03680667,380.8053333,24.31143333,349.9918667,82.17582,0.0499699,23.61648,24.94952,999.9,0,0,9002.041667,1878.154333,0.230992,-18.68313667,390.8805,409.0247667,2.401855667,400.0110333,22.03680667,2.008266667,1.810893333,17.50966333,15.88113,1648516983,19:23:03,1648516982,1648516983,40,-0.039,-0.001,0.497,0.084,400,22,0.21,0.06,400.0135082,0.061021682,0.061977421,1,381.3357213,-0.062335272,0.023237287,1,0.197696039,0.004781672,0.00193938,1,3,3,3/3,2.51041,2.68131,0.0726479,0.0752587,0.09458,0.086537,26953.5,24347.7,28465.2,25220.3,34824.3,31636.5,41771.5,37229.6,1.68712,1.93027,0.0303797,0,24.4447,26.5551,40.862,33.707,26.1347,53.5702,15.3606,1,0.625226,3.34571,20.2814,5.25338,11.9441,4.99335,3.299,9999,683.4,6635,9999,2.38773,2.90513,1.87408,1.87851,1.87673,1.87819,1.87235,1.87881,1.33125,0.3762,0,0,11111100,oooooooo,off,off,on,off,0,100,100,0.497,0.084,0.250577681,0.000723023,-1.21059E-08,-2.82691E-11,-0.050552329,-0.013223211,0.001240205,-1.62673E-05,2,2096,1,33,6.3,6.3,1.0791,2.56958,1.44775,2.38037,1.54541,2.31323,37.1941,23.9999,18,343.261,517.773,21.4364,34.5656,29.9999,34.9769,34.9735,21.5431,42.891,11.8451,21.4786,400,21.9416,98.1741,97.2953
40,1648517355,19580.5,20220328 19:29:14,19:29:14,5,1,30,1.2375,1.165834725,8.520996044,1999.999,28.69143637,1648517347,0.003082273,3.082273355,22.79284003,382.1375667,196.9877963,16.20007,31.42659314,0.212476173,2.645915518,0.203431741,0.127925362,470.0252284,25.67096115,25.67096115,3.309116514,72.40115391,2.104090998,2.906156717,1.205025516,-135.928255,-309.7097011,-24.65645206,-0.269179707,22.63988161,3.058527533,22.79284003,409.5860831,392.094,-0.001468229,87.7330848,3.082273355,23.37146326,25.62455212,-8.12152E-05,101.5219326,0,0,1,0,39697.24041,2459.577333,1967.661867,0.8,0.1911,3,0.5,0: Broadleaf,2,VERDADERO,1648517347,382.1375667,399.9935333,25.58509,23.34995,381.6145667,25.48409,400.0118333,82.18894333,0.05000903,23.49979333,24.99640333,999.9,0,0,9001.146,2459.577333,0.230992,-17.89469333,392.1502667,409.5565667,2.281920333,399.9935333,23.34995,2.106655667,1.919108,18.26959667,16.79225667,1648517382,19:29:41,1648517378,1648517382,41,0.026,-0.007,0.523,0.101,400,23,0.19,0.06,400.0051833,-0.053078077,0.057421974,1,382.10145,-0.044302306,0.036918119,1,0.218371164,0.000429364,0.001914585,1,3,3,3/3,2.66048,2.68198,0.0727663,0.0752641,0.0977451,0.0901444,26946.5,24342.6,28461.7,25215.5,34698.8,31505.9,41766.6,37223,1.79897,1.83447,0.0477657,0,24.2199,26.5619,42.992,33.707,27.4944,54.5002,20.613,1,0.637109,4.23181,20.2596,5.25757,11.9441,4.99325,3.29903,9999,683.5,6642.3,9999,2.37474,2.92933,1.87407,1.87851,1.87677,1.87817,1.87231,1.87881,1.775,0.3762,0,0,11111100,oooooooo,off,off,on,off,0,100,100,0.523,0.101,0.211733907,0.000723023,-1.21059E-08,-2.82691E-11,-0.051444666,-0.013223211,0.001240205,-1.62673E-05,2,2096,1,33,6.2,6.2,1.0791,2.5708,1.44775,2.37915,1.54541,2.33521,37.2181,23.9999,18,400.812,450.649,20.5949,34.6481,29.9998,35.0471,35.0403,21.557,49.0033,22.5943,20.6194,400,23.2498,98.1623,97.2774
